City_ID,City,Lat,Lng,Max Temp,Humidity,Cloudiness,Wind Speed,Country,Date
0,Fortuna,40.5982,-124.1573,59.0,72,1,6.91,US,2021-04-23 21:59:22
1,Kutum,14.2,24.6667,79.65,17,60,9.35,SD,2021-04-23 21:59:22
2,Barrow,71.2906,-156.7887,19.4,79,1,3.44,US,2021-04-23 21:59:22
3,Dikson,73.5069,80.5464,32.2,97,100,18.57,RU,2021-04-23 21:59:23
4,Sakakah,29.9697,40.2064,78.8,11,0,8.05,SA,2021-04-23 21:59:23
5,Taoudenni,22.6783,-3.9836,91.27,6,0,9.64,ML,2021-04-23 21:59:24
6,Lompoc,34.6391,-120.4579,61.0,59,0,9.22,US,2021-04-23 21:59:24
7,Mudgee,-32.5943,149.5871,32.0,100,99,1.95,AU,2021-04-23 21:59:24
8,Bredasdorp,-34.5322,20.0403,50.0,93,97,3.44,ZA,2021-04-23 21:59:25
9,Bani Walid,31.7566,13.9942,59.83,80,52,23.29,LY,2021-04-23 21:59:25
10,Plomarion,38.9767,26.3681,64.4,55,20,1.14,GR,2021-04-23 21:59:26
11,Rikitea,-23.1203,-134.9692,79.11,68,100,17.56,PF,2021-04-23 21:59:26
12,Itaituba,-4.2761,-55.9836,87.8,66,20,2.95,BR,2021-04-23 21:59:26
13,Gladstone,-23.85,151.25,68.0,60,97,6.91,AU,2021-04-23 21:59:27
14,Busselton,-33.65,115.3333,61.0,75,99,3.0,AU,2021-04-23 21:58:30
15,Bluff,-46.6,168.3333,46.0,94,82,16.17,NZ,2021-04-23 21:59:27
16,Vostok,46.4856,135.8833,38.14,93,100,5.86,RU,2021-04-23 21:59:28
17,Fairbanks,64.8378,-147.7164,55.4,28,1,9.22,US,2021-04-23 21:59:28
18,Hobart,-42.8794,147.3294,51.8,66,75,8.05,AU,2021-04-23 21:59:28
19,Ventersburg,-28.0856,27.1381,57.47,36,83,3.13,ZA,2021-04-23 21:59:29
20,Nikolskoye,59.7035,30.7861,39.99,80,40,4.47,RU,2021-04-23 21:59:29
21,Atuona,-9.8,-139.0333,80.29,79,30,22.82,PF,2021-04-23 21:59:30
22,Qasigiannguit,68.8193,-51.1922,37.4,65,88,2.3,GL,2021-04-23 21:59:30
23,Mataura,-46.1927,168.8643,46.0,94,65,0.72,NZ,2021-04-23 21:59:31
24,Carnarvon,-24.8667,113.6333,64.4,77,0,8.05,AU,2021-04-23 21:59:31
25,Iqaluit,63.7506,-68.5145,28.4,93,90,4.61,CA,2021-04-23 21:59:31
26,Coatesville,39.9832,-75.8238,62.01,29,1,11.5,US,2021-04-23 21:59:32
27,Saint Anthony,45.0205,-93.218,48.2,81,90,3.44,US,2021-04-23 21:59:32
28,Hilo,19.7297,-155.09,75.2,73,90,6.91,US,2021-04-23 21:58:58
29,Port Elizabeth,-33.918,25.5701,62.6,82,40,8.05,ZA,2021-04-23 21:59:33
30,Port-Gentil,-0.7193,8.7815,81.1,83,63,9.75,GA,2021-04-23 21:56:20
31,Trairi,-3.2778,-39.2689,79.41,81,100,8.12,BR,2021-04-23 21:59:34
32,Butaritari,3.0707,172.7902,82.56,76,93,9.95,KI,2021-04-23 21:54:59
33,Santa Maria,-29.6842,-53.8069,75.2,53,0,8.05,BR,2021-04-23 21:59:34
34,Cockburn Town,21.4612,-71.1419,78.49,76,2,16.58,TC,2021-04-23 21:59:35
35,Ushuaia,-54.8,-68.3,42.8,87,75,4.61,AR,2021-04-23 21:54:56
36,Skrunda,56.6833,22.0167,39.2,81,75,9.22,LV,2021-04-23 21:59:35
37,Terrace,54.5163,-128.6035,59.0,23,20,4.61,CA,2021-04-23 21:59:35
38,Avarua,-21.2078,-159.775,82.4,74,40,18.41,CK,2021-04-23 21:59:36
39,Merauke,-8.4667,140.3333,78.51,87,59,7.56,ID,2021-04-23 21:57:31
40,Okha,53.5739,142.9478,28.98,73,88,7.4,RU,2021-04-23 21:59:37
41,Punta Arenas,-53.15,-70.9167,46.4,93,75,3.44,CL,2021-04-23 21:59:37
42,Ayan,56.45,138.1667,26.78,76,95,5.41,RU,2021-04-23 21:59:37
43,Mokhsogollokh,61.4681,128.9203,24.22,90,100,9.86,RU,2021-04-23 21:55:51
44,Mount Isa,-20.7333,139.5,64.4,29,29,10.36,AU,2021-04-23 21:59:38
45,Sitka,57.0531,-135.33,59.0,23,1,10.36,US,2021-04-23 21:59:39
46,Tuktoyaktuk,69.4541,-133.0374,15.8,62,75,11.5,CA,2021-04-23 21:59:39
47,Slantsy,59.1182,28.0914,35.85,92,94,6.35,RU,2021-04-23 21:59:40
48,Georgetown,5.4112,100.3354,78.8,94,40,7.36,MY,2021-04-23 21:56:44
49,Pangnirtung,66.1451,-65.7125,24.8,93,75,2.3,CA,2021-04-23 21:59:24
50,Kapaa,22.0752,-159.319,80.6,65,20,17.27,US,2021-04-23 21:59:41
51,Sisimiut,66.9395,-53.6735,35.42,68,100,3.58,GL,2021-04-23 21:59:41
52,Lorengau,-2.0226,147.2712,79.83,78,94,3.4,PG,2021-04-23 21:59:42
53,Arraial Do Cabo,-22.9661,-42.0278,73.4,83,0,18.41,BR,2021-04-23 21:59:42
54,Northam,51.0333,-4.2167,51.01,37,83,1.01,GB,2021-04-23 21:59:43
55,Saint George,37.1041,-113.5841,81.0,10,1,18.41,US,2021-04-23 21:58:42
56,Balikpapan,-1.2675,116.8289,75.97,87,96,6.85,ID,2021-04-23 21:59:29
57,Hermanus,-34.4187,19.2345,57.0,87,98,1.99,ZA,2021-04-23 21:59:43
58,Koslan,63.4564,48.8989,46.51,80,99,6.93,RU,2021-04-23 21:59:37
59,Afogados Da Ingazeira,-7.7508,-37.6392,80.1,49,71,5.01,BR,2021-04-23 21:59:44
60,Broome,42.2506,-75.833,59.0,28,1,12.66,US,2021-04-23 21:59:44
61,Puerto Del Rosario,28.5004,-13.8627,71.6,68,40,12.66,ES,2021-04-23 21:59:45
62,San Cristobal,7.7669,-72.225,89.6,58,20,9.22,VE,2021-04-23 21:55:43
63,Redencao,-4.2258,-38.7306,82.0,83,20,4.61,BR,2021-04-23 21:59:45
64,Muravlenko,63.7898,74.523,34.59,96,100,12.01,RU,2021-04-23 21:59:46
65,Puerto Ayora,-0.7393,-90.3518,84.2,70,20,17.27,EC,2021-04-23 21:59:46
66,Poyarkovo,49.6,128.6833,35.67,41,1,9.57,RU,2021-04-23 21:57:18
67,Clyde River,70.4692,-68.5914,17.6,100,90,5.75,CA,2021-04-23 21:59:47
68,Kaohsiung,22.6163,120.3133,77.0,83,75,4.61,TW,2021-04-23 21:59:47
69,Zonguldak,41.25,31.8333,51.85,72,100,5.55,TR,2021-04-23 21:59:48
70,Ponta Do Sol,32.6667,-17.1,60.01,82,50,5.99,PT,2021-04-23 21:59:48
71,Dingle,10.9995,122.6711,76.8,84,100,3.98,PH,2021-04-23 21:59:48
72,Iquique,-20.2208,-70.1431,69.8,56,0,17.27,CL,2021-04-23 21:59:49
73,Bow Island,49.8668,-111.3684,39.2,30,100,4.61,CA,2021-04-23 21:59:49
74,Comodoro Rivadavia,-45.8667,-67.5,55.4,76,40,2.68,AR,2021-04-23 21:59:50
75,Mantua,45.1667,10.7833,55.99,76,0,3.83,IT,2021-04-23 21:59:50
76,Najran,17.4924,44.1277,75.2,22,0,2.51,SA,2021-04-23 21:59:51
77,Wundanyi,-3.4019,38.364,62.55,88,39,3.65,KE,2021-04-23 21:59:51
78,Smoky Lake,54.1169,-112.4686,39.2,37,100,6.91,CA,2021-04-23 21:59:52
79,Kudahuvadhoo,2.6708,72.8944,82.92,68,21,11.99,MV,2021-04-23 21:59:52
80,Bilibino,68.0546,166.4372,20.37,85,99,3.83,RU,2021-04-23 21:59:52
81,Petropavlovsk-Kamchatskiy,53.0452,158.6483,39.2,81,20,2.24,RU,2021-04-23 21:59:53
82,Haines Junction,60.7522,-137.5108,50.0,25,9,5.75,CA,2021-04-23 21:59:53
83,Monroe,43.1501,-77.6831,59.0,33,20,20.71,US,2021-04-23 21:59:21
84,Flinders,-34.5833,150.8552,54.0,82,89,1.01,AU,2021-04-23 21:59:54
85,East London,-33.0153,27.9116,64.45,76,8,10.0,ZA,2021-04-23 21:58:32
86,Edgewater,28.9889,-80.9023,73.99,60,20,13.8,US,2021-04-23 21:55:03
87,Jamestown,42.097,-79.2353,55.4,30,1,17.27,US,2021-04-23 21:59:55
88,Burnie,-41.0667,145.9167,50.0,96,89,5.01,AU,2021-04-23 21:59:55
89,Sorong,-0.8833,131.25,78.84,87,89,6.67,ID,2021-04-23 21:59:55
90,Sao Mateus Do Sul,-25.8742,-50.3828,58.1,66,3,2.48,BR,2021-04-23 21:59:56
91,Tias,28.9611,-13.645,69.8,68,40,10.36,ES,2021-04-23 21:59:56
92,New Norfolk,-42.7826,147.0587,52.0,89,97,7.38,AU,2021-04-23 21:55:15
93,Maneromango,-7.1988,38.7848,68.99,93,6,3.98,TZ,2021-04-23 21:59:57
94,Port Alfred,-33.5906,26.891,66.43,72,0,21.41,ZA,2021-04-23 21:59:45
95,Vaini,-21.2,-175.2,82.4,83,20,3.44,TO,2021-04-23 21:59:57
96,Manturovo,58.3353,44.7619,47.35,74,98,7.85,RU,2021-04-23 21:59:58
97,Albany,42.6001,-73.9662,57.99,20,5,5.99,US,2021-04-23 21:59:58
98,Nome,64.5011,-165.4064,41.0,65,1,5.75,US,2021-04-23 21:57:06
99,Cape Town,-33.9258,18.4232,59.0,82,0,5.75,ZA,2021-04-23 21:58:47
100,Hasaki,35.7333,140.8333,50.0,76,40,8.05,JP,2021-04-23 21:59:59
101,Chuy,-33.6971,-53.4616,66.92,83,17,13.04,UY,2021-04-23 21:59:59
102,Ahipara,-35.1667,173.1667,65.23,69,46,9.44,NZ,2021-04-23 22:00:00
103,Nelson Bay,-32.7167,152.15,53.01,87,100,9.22,AU,2021-04-23 21:56:15
104,Beyneu,45.3167,55.2,51.44,71,13,14.38,KZ,2021-04-23 22:00:01
105,Nueva Gerona,21.8833,-82.8,85.12,51,38,11.32,CU,2021-04-23 22:00:01
106,Ribeira Grande,38.5167,-28.7,59.0,72,40,26.46,PT,2021-04-23 21:56:19
107,Catamarca,-28.4696,-65.7852,73.99,75,34,1.99,AR,2021-04-23 21:55:30
108,Thompson,55.7435,-97.8558,24.8,74,90,13.8,CA,2021-04-23 22:00:04
109,Saskylakh,71.9167,114.0833,33.6,97,100,20.09,RU,2021-04-23 22:00:05
110,Yar-Sale,66.8333,70.8333,34.07,99,100,10.22,RU,2021-04-23 22:00:06
111,Olinda,-8.0089,-34.8553,80.6,69,40,8.05,BR,2021-04-23 22:00:08
112,Seymchan,62.8833,152.4333,16.38,85,100,15.17,RU,2021-04-23 22:00:10
113,Aasiaat,68.7098,-52.8699,30.61,73,100,4.07,GL,2021-04-23 22:00:11
114,Airai,-8.9266,125.4092,57.72,87,19,2.73,TL,2021-04-23 22:00:11
115,Chokurdakh,70.6333,147.9167,-0.53,91,68,1.9,RU,2021-04-23 22:00:12
116,Pevek,69.7008,170.3133,12.76,89,48,3.58,RU,2021-04-23 22:00:00
117,Castro,-24.7911,-50.0119,57.15,75,5,2.39,BR,2021-04-23 22:00:13
118,Tiznit,29.5833,-9.5,59.86,71,59,5.79,MA,2021-04-23 22:00:14
119,Mombetsu,44.3525,143.3525,51.01,61,97,7.0,JP,2021-04-23 22:00:14
120,Buraydah,26.326,43.975,82.4,18,0,4.61,SA,2021-04-23 21:59:41
121,Gizo,-8.103,156.8419,82.81,73,95,8.79,SB,2021-04-23 22:00:15
122,Prince Rupert,54.3161,-130.3201,53.6,62,1,6.91,CA,2021-04-23 21:55:27
123,Arzachena,41.0769,9.3887,50.0,93,0,4.61,IT,2021-04-23 22:00:16
124,Longyearbyen,78.2186,15.6401,14.0,67,75,13.8,SJ,2021-04-23 22:00:17
125,Oranjemund,-28.55,16.4333,61.34,88,63,4.99,NA,2021-04-23 22:00:17
126,Georgiyevka,43.0369,74.7114,35.6,44,0,11.18,KZ,2021-04-23 22:00:18
127,Dauriya,49.9333,116.8667,34.92,22,100,4.41,RU,2021-04-23 22:00:19
128,Sao Filipe,14.8961,-24.4956,72.66,72,45,11.03,CV,2021-04-23 21:59:55
129,Torbay,47.6666,-52.7314,43.0,70,75,21.85,CA,2021-04-23 22:00:19
130,Upernavik,72.7868,-56.1549,31.51,79,100,5.99,GL,2021-04-23 22:00:20
131,Lata,40.1629,-8.3327,60.01,90,97,4.32,PT,2021-04-23 22:00:21
132,Coquimbo,-29.9533,-71.3436,64.4,59,40,11.5,CL,2021-04-23 21:58:48
133,Roald,62.5833,6.1333,33.01,93,93,10.92,NO,2021-04-23 22:00:22
134,Auki,-8.7676,160.7034,81.1,76,31,2.93,SB,2021-04-23 22:00:22
135,Ewa Beach,21.3156,-158.0072,84.2,48,40,10.36,US,2021-04-23 21:56:09
136,Caravelas,-17.7125,-39.2481,75.11,82,38,7.49,BR,2021-04-23 22:00:23
137,Melilla,35.2937,-2.9383,62.6,82,75,16.11,ES,2021-04-23 22:00:24
138,Krasnoselkup,65.7,82.4667,28.94,89,91,16.91,RU,2021-04-23 22:00:25
139,Katsuura,35.1333,140.3,55.99,67,20,6.91,JP,2021-04-23 22:00:25
140,Buxar,25.5833,83.9833,81.48,21,39,4.59,IN,2021-04-23 22:00:26
141,Saint-Philippe,-21.3585,55.7679,77.0,73,78,6.91,RE,2021-04-23 21:59:43
142,Tomatlan,19.9333,-105.25,93.34,24,29,13.62,MX,2021-04-23 22:00:27
143,Harrisonburg,38.4496,-78.8689,60.8,29,40,8.05,US,2021-04-23 21:57:21
144,Heihe,50.2441,127.4902,28.4,59,20,4.47,CN,2021-04-23 22:00:27
145,Lubango,-14.9172,13.4925,65.61,51,99,2.98,AO,2021-04-23 22:00:28
146,Avallon,47.4833,3.9,46.0,48,1,5.46,FR,2021-04-23 22:00:29
147,Severo-Kurilsk,50.6789,156.125,36.16,92,95,8.12,RU,2021-04-23 22:00:29
148,Kaitangata,-46.2817,169.8464,54.0,77,22,1.99,NZ,2021-04-23 22:00:30
149,Opelousas,30.5335,-92.0815,71.01,83,90,6.91,US,2021-04-23 22:00:30
150,Grand Forks,47.9417,-97.4337,37.4,44,90,17.27,US,2021-04-23 22:00:31
151,Alyangula,-13.8483,136.4192,66.2,100,60,3.44,AU,2021-04-23 22:00:32
152,Atambua,-9.1061,124.8925,70.84,85,29,4.27,ID,2021-04-23 22:00:32
153,Kyaikto,17.3,97.0167,80.85,83,83,4.56,MM,2021-04-23 22:00:33
154,Esperantina,-3.9017,-42.2336,75.58,92,100,2.57,BR,2021-04-23 22:00:34
155,Narsaq,60.9167,-46.05,44.6,53,1,6.91,GL,2021-04-23 22:00:34
156,Norman,35.2226,-97.4395,61.0,100,90,12.66,US,2021-04-23 22:00:35
157,Hithadhoo,-0.6,73.0833,82.0,74,7,7.9,MV,2021-04-23 21:56:59
158,Sept-Iles,50.2001,-66.3821,37.0,93,81,5.75,CA,2021-04-23 22:00:36
159,Antanifotsy,-19.65,47.3167,56.77,92,100,2.06,MG,2021-04-23 22:00:37
160,Cap Malheureux,-19.9842,57.6142,79.0,79,99,1.99,MU,2021-04-23 22:00:37
161,Alofi,-19.0595,-169.9187,84.2,79,10,5.75,NU,2021-04-23 22:00:30
162,Ulaanbaatar,47.9077,106.8832,39.2,35,75,4.47,MN,2021-04-23 22:00:38
163,Mar Del Plata,-38.0023,-57.5575,71.6,78,0,6.91,AR,2021-04-23 21:56:50
164,Kodiak,57.79,-152.4072,39.2,87,90,9.22,US,2021-04-23 22:00:39
165,Muros,42.7762,-9.0603,60.01,90,52,7.18,ES,2021-04-23 22:00:40
166,Leua,48.2156,18.6071,42.01,64,1,5.01,SK,2021-04-23 22:00:40
167,Gat,31.61,34.7642,66.99,100,74,3.0,IL,2021-04-23 22:00:41
168,Honningsvag,70.9821,25.9704,34.11,58,99,15.77,NO,2021-04-23 22:00:41
169,Tasiilaq,65.6145,-37.6368,35.6,60,75,4.61,GL,2021-04-23 22:00:42
170,Dutse,11.7594,9.3392,87.75,13,67,7.49,NG,2021-04-23 22:00:43
171,Kavieng,-2.5744,150.7967,80.24,79,100,4.7,PG,2021-04-23 22:00:43
172,Ozinki,51.1786,49.6769,44.65,95,100,7.61,RU,2021-04-23 22:00:44
173,Ixtapa,20.7,-105.2,82.4,65,1,11.5,MX,2021-04-23 22:00:44
174,Camalu,30.85,-116.0667,64.99,43,2,11.01,MX,2021-04-23 22:00:45
175,Plettenberg Bay,-34.0527,23.3716,61.16,91,17,6.87,ZA,2021-04-23 22:00:45
176,Tautira,-17.7333,-149.15,86.0,66,75,3.44,PF,2021-04-23 22:00:46
177,Shingu,33.7333,135.9833,59.54,67,100,4.18,JP,2021-04-23 22:00:47
178,Half Moon Bay,37.4636,-122.4286,64.99,82,90,9.22,US,2021-04-23 22:00:47
179,Jumla,29.2747,82.1838,43.11,83,88,6.71,NP,2021-04-23 21:59:59
180,Cidreira,-30.1811,-50.2056,70.59,78,2,18.07,BR,2021-04-23 22:00:48
181,Soe,-9.8607,124.284,63.12,92,9,3.76,ID,2021-04-23 22:00:48
182,Port Lincoln,-34.7333,135.8667,59.4,73,78,4.07,AU,2021-04-23 22:00:49
183,Constitucion,-35.3333,-72.4167,58.01,72,0,9.37,CL,2021-04-23 22:00:49
184,Dong Hoi,17.4833,106.6,78.49,82,33,3.85,VN,2021-04-23 22:00:50
185,Taber,49.8167,-112.1518,39.2,41,100,3.44,CA,2021-04-23 22:00:12
186,Tecoanapa,16.5167,-98.75,85.37,57,100,10.89,MX,2021-04-23 22:00:51
187,Fjerritslev,57.0813,9.2664,42.01,87,8,5.75,DK,2021-04-23 22:00:51
188,Yenagoa,4.9247,6.2642,78.6,90,59,3.09,NG,2021-04-23 22:00:52
189,Angoche,-16.2325,39.9086,76.26,78,86,8.9,MZ,2021-04-23 22:00:53
190,Jiwani,25.05,61.7417,81.9,75,61,13.65,PK,2021-04-23 22:00:53
191,Bilecik,40.0,30.1667,57.2,62,0,10.36,TR,2021-04-23 22:00:54
192,Naze,28.3667,129.4833,69.8,68,75,25.32,JP,2021-04-23 22:00:55
193,Huanren,41.2647,125.3667,50.05,87,92,3.2,CN,2021-04-23 22:00:55
194,Thinadhoo,0.5333,72.9333,82.31,68,9,8.52,MV,2021-04-23 22:00:56
195,Tiksi,71.6872,128.8694,7.45,94,98,7.36,RU,2021-04-23 22:00:56
196,Zhezkazgan,47.8043,67.7144,38.46,30,96,15.52,KZ,2021-04-23 22:00:57
197,Laguna,38.421,-121.4238,78.01,35,20,10.36,US,2021-04-23 22:00:58
198,Faanui,-16.4833,-151.75,80.4,74,80,9.82,PF,2021-04-23 22:00:58
199,Saldanha,-33.0117,17.9442,57.2,77,78,4.61,ZA,2021-04-23 22:00:59
200,Pitimbu,-7.4706,-34.8086,80.6,83,40,6.91,BR,2021-04-23 22:00:52
201,Shahrud,36.4182,54.9763,58.69,63,99,7.07,IR,2021-04-23 22:01:00
202,Omsukchan,62.5333,155.8,23.7,92,100,2.73,RU,2021-04-23 22:01:00
203,Marzuq,14.4,46.4667,69.39,62,9,6.04,YE,2021-04-23 22:01:01
204,Kaka,37.3482,59.6143,69.49,33,98,14.05,TM,2021-04-23 22:01:02
205,Anton Lizardo,19.05,-95.9833,87.8,66,20,10.36,MX,2021-04-23 22:01:02
206,Ostrovnoy,68.0531,39.5131,32.49,93,100,19.24,RU,2021-04-23 22:01:03
207,Isangel,-19.55,169.2667,82.4,78,20,3.44,VU,2021-04-23 21:59:58
208,Antigonish,45.6169,-61.9986,43.0,65,100,12.66,CA,2021-04-23 21:57:10
209,High Level,58.5169,-117.136,32.0,37,20,14.97,CA,2021-04-23 22:01:04
210,Arona,28.0996,-16.681,69.8,73,40,8.05,ES,2021-04-23 22:01:04
211,Norman Wells,65.282,-126.8329,32.0,32,75,11.5,CA,2021-04-23 22:01:05
212,Whitehorse,60.7161,-135.0538,46.99,26,1,8.05,CA,2021-04-23 22:01:05
213,Birjand,32.8663,59.2211,59.0,15,0,9.22,IR,2021-04-23 22:01:05
214,Kysyl-Syr,63.8986,122.7617,13.35,94,51,4.63,RU,2021-04-23 22:01:06
215,Qaanaaq,77.484,-69.3632,22.28,83,100,4.63,GL,2021-04-23 22:01:06
216,Minas,-34.3759,-55.2377,71.6,73,0,4.61,UY,2021-04-23 22:01:07
217,Gravdal,68.1214,13.5031,35.56,57,100,19.3,NO,2021-04-23 22:01:07
218,Sinnamary,5.3833,-52.95,77.61,88,100,12.53,GF,2021-04-23 22:00:29
219,Kokoda,-8.8785,147.7407,78.87,88,100,0.34,PG,2021-04-23 22:01:08
220,Camacupa,-12.0167,17.4833,65.59,68,95,2.57,AO,2021-04-23 22:01:08
221,Iberia,29.9502,-91.7507,75.2,73,90,18.41,US,2021-04-23 22:01:08
222,General Roca,-39.0333,-67.5833,69.8,40,0,6.91,AR,2021-04-23 22:01:09
223,Ust-Koksa,50.2696,85.6108,22.32,90,100,2.68,RU,2021-04-23 22:01:09
224,Buchanan,5.8808,-10.0467,80.6,94,40,9.01,LR,2021-04-23 22:01:10
225,Hualmay,-11.0964,-77.6139,69.31,82,31,9.08,PE,2021-04-23 21:57:27
226,Igarka,67.4667,86.5833,26.29,92,49,15.99,RU,2021-04-23 22:01:10
227,Cayenne,4.9333,-52.3333,79.0,94,75,1.14,GF,2021-04-23 22:01:11
228,Cherskiy,68.75,161.3,22.15,94,100,5.95,RU,2021-04-23 22:01:11
229,Husavik,66.0449,-17.3389,46.4,66,0,3.44,IS,2021-04-23 22:01:11
230,Ouargaye,11.5033,0.0572,98.65,23,98,6.31,BF,2021-04-23 22:01:12
231,Hofn,64.2539,-15.2082,44.31,79,98,3.91,IS,2021-04-23 22:01:12
232,Bowen,-20.0167,148.2333,68.0,94,90,11.5,AU,2021-04-23 22:01:13
233,Tulagi,-9.0996,160.1476,81.23,76,52,3.49,SB,2021-04-23 22:01:13
234,Cabo San Lucas,22.8909,-109.9124,84.2,47,40,8.05,MX,2021-04-23 22:01:13
235,Manokwari,-0.8667,134.0833,79.07,79,100,1.97,ID,2021-04-23 22:01:14
236,Batagay-Alyta,67.8006,130.4114,4.24,84,15,4.25,RU,2021-04-23 22:01:14
237,Ilulissat,69.2167,-51.1,35.6,64,100,5.75,GL,2021-04-23 22:01:05
238,Bud,39.447,-86.1758,57.99,44,90,9.22,US,2021-04-23 22:01:15
239,At-Bashi,41.1702,75.8106,33.17,40,26,2.82,KG,2021-04-23 22:01:15
240,Darnah,32.767,22.6367,65.52,60,58,16.49,LY,2021-04-23 22:01:16
241,Barmer,25.75,71.3833,79.25,40,1,13.73,IN,2021-04-23 22:01:16
242,Srednekolymsk,67.45,153.6833,10.76,93,100,17.96,RU,2021-04-23 22:01:16
243,Sarakhs,36.5449,61.1577,62.6,27,84,2.3,IR,2021-04-23 22:01:17
244,Souillac,-20.5167,57.5167,78.8,78,40,9.22,MU,2021-04-23 22:01:17
245,Umm Lajj,25.0213,37.2685,84.85,39,3,6.02,SA,2021-04-23 22:01:18
246,San Nicolas,18.1725,120.5953,71.6,94,20,4.61,PH,2021-04-23 22:01:18
247,Guanare,9.0418,-69.7421,89.6,51,56,6.91,VE,2021-04-23 22:01:18
248,Sioux Lookout,50.1001,-91.917,39.2,56,75,6.91,CA,2021-04-23 22:01:19
249,Dicabisagan,17.0818,122.4157,74.26,86,13,3.94,PH,2021-04-23 21:56:21
250,Ancud,-41.8697,-73.8203,55.99,76,75,5.75,CL,2021-04-23 21:59:42
251,Yellowknife,62.456,-114.3525,16.0,57,75,13.8,CA,2021-04-23 21:58:55
252,Huarmey,-10.0681,-78.1522,70.66,79,9,8.28,PE,2021-04-23 22:01:20
253,Wanaka,-44.7,169.15,51.3,66,44,4.12,NZ,2021-04-23 22:01:12
254,Saint-Joseph,-21.3667,55.6167,77.0,73,70,6.91,RE,2021-04-23 22:01:20
255,Puerto Armuelles,8.2833,-82.8667,82.4,74,75,11.5,PA,2021-04-23 22:01:21
256,Luderitz,-26.6481,15.1594,63.27,80,44,8.28,NA,2021-04-23 22:01:21
257,Sao Sebastiao,-23.76,-45.4097,70.99,87,48,5.46,BR,2021-04-23 22:01:22
258,Saint-Francois,46.4154,3.9054,50.0,46,0,3.89,FR,2021-04-23 22:01:22
259,Kinsale,51.7075,-8.5306,50.0,66,40,13.8,IE,2021-04-23 22:01:22
260,Komsomolskiy,40.4272,71.7189,51.8,58,13,6.91,UZ,2021-04-23 22:01:23
261,Danielskuil,-28.1887,23.5395,59.81,31,0,4.59,ZA,2021-04-23 22:01:23
262,Sturgis,41.7992,-85.4192,59.0,33,75,12.66,US,2021-04-23 22:01:24
263,Yulara,-25.2406,130.9889,51.8,66,1,5.75,AU,2021-04-23 22:01:15
264,Floro,61.5996,5.0328,37.4,70,40,9.22,NO,2021-04-23 22:01:24
265,Peterhead,57.5058,-1.7981,42.8,81,100,2.3,GB,2021-04-23 22:01:25
266,Ponta Delgada,37.7333,-25.6667,59.0,67,40,20.71,PT,2021-04-23 22:01:25
267,Bengkulu,-3.8004,102.2655,73.56,89,90,3.83,ID,2021-04-23 22:01:25
268,Asau,46.4333,26.4,36.0,67,38,2.98,RO,2021-04-23 22:01:26
269,Satkhira,22.7167,89.1,78.8,73,20,4.29,BD,2021-04-23 22:01:26
270,Mancio Lima,-7.6142,-72.8958,84.2,74,75,5.75,BR,2021-04-23 21:56:58
271,Jalingo,8.8833,11.3667,81.82,60,95,2.37,NG,2021-04-23 22:01:27
272,Ketchikan,55.3422,-131.6461,55.4,38,1,10.36,US,2021-04-23 22:01:28
273,Dalianwan,39.0286,121.695,53.6,94,40,6.71,CN,2021-04-23 22:01:28
274,Ostersund,63.1792,14.6357,28.99,86,4,16.11,SE,2021-04-23 22:00:35
275,Erzin,36.9559,36.2,64.99,71,95,3.76,TR,2021-04-23 22:01:29
276,Kstovo,56.1473,44.1979,51.8,54,0,4.47,RU,2021-04-23 22:01:29
277,Namibe,-15.1961,12.1522,78.22,77,0,4.14,AO,2021-04-23 22:01:30
278,Ndele,8.4109,20.6473,73.99,73,100,7.45,CF,2021-04-23 22:01:30
279,Okhotsk,59.3833,143.3,18.39,68,2,19.8,RU,2021-04-23 22:01:31
280,Vakhrushev,48.9833,142.9667,33.67,94,100,6.71,RU,2021-04-23 22:01:31
281,Yatou,37.15,122.3833,49.84,88,100,13.58,CN,2021-04-23 22:01:32
282,Karpogory,64.0019,44.4451,47.8,75,97,10.0,RU,2021-04-23 22:01:32
283,Queanbeyan,-35.35,149.2333,42.01,100,66,1.1,AU,2021-04-23 22:01:32
284,Inta,66.0317,60.1659,34.92,92,89,9.46,RU,2021-04-23 22:01:33
285,Birmingham,33.5207,-86.8025,71.6,28,75,9.22,US,2021-04-23 21:57:15
286,San Carlos De Bariloche,-41.1456,-71.3082,53.6,47,20,23.02,AR,2021-04-23 22:01:33
287,Vila Franca Do Campo,37.7167,-25.4333,59.0,67,40,20.71,PT,2021-04-23 22:01:34
288,Arani,12.6667,79.2833,80.26,73,92,4.25,IN,2021-04-23 22:01:34
289,Kirksville,40.1948,-92.5833,57.2,62,90,6.91,US,2021-04-23 22:01:34
290,Provideniya,64.3833,-173.3,40.23,57,81,4.12,RU,2021-04-23 22:01:35
291,Mayo,38.8876,-76.5119,62.6,29,1,6.91,US,2021-04-23 22:01:35
292,Nanning,22.8167,108.3167,77.0,88,0,4.47,CN,2021-04-23 22:01:36
293,Richards Bay,-28.783,32.0377,63.1,85,63,9.44,ZA,2021-04-23 22:01:36
294,Charlestown,-32.95,151.6667,54.0,85,100,4.65,AU,2021-04-23 22:01:37
295,San Vicente,-26.6167,-54.1333,67.08,63,86,0.94,AR,2021-04-23 22:01:37
296,Solnechnyy,50.7214,136.6319,33.6,64,68,5.73,RU,2021-04-23 22:01:37
297,Severnoye,56.3491,78.3619,31.23,79,0,2.39,RU,2021-04-23 22:01:38
298,Nha Trang,12.25,109.1833,77.0,88,20,1.14,VN,2021-04-23 22:01:38
299,Kavaratti,10.5669,72.642,83.43,74,16,7.9,IN,2021-04-23 22:01:39
300,Poltava,49.5937,34.5407,41.94,86,100,6.98,UA,2021-04-23 22:01:39
301,Dongsheng,39.8161,109.9776,51.01,59,100,4.32,CN,2021-04-23 22:01:39
302,Waingapu,-9.6567,120.2641,74.44,83,0,6.04,ID,2021-04-23 22:01:40
303,Le Vauclin,14.5452,-60.8388,82.4,69,40,12.66,MQ,2021-04-23 22:01:40
304,Maltahohe,-24.8333,16.9833,65.98,33,49,1.88,NA,2021-04-23 22:01:41
305,Hukuntsi,-24.0,21.75,64.02,30,0,6.67,BW,2021-04-23 22:01:41
306,Gander,48.9682,-54.5906,41.0,48,75,14.97,CA,2021-04-23 22:01:42
307,Hamilton,39.1834,-84.5333,57.99,44,90,10.36,US,2021-04-23 21:59:34
308,Medea,36.2642,2.7539,55.4,88,20,3.44,DZ,2021-04-23 22:01:42
309,Luau,-10.7073,22.2247,65.05,80,56,2.19,AO,2021-04-23 22:01:43
310,Port Blair,11.6667,92.75,81.0,72,100,7.34,IN,2021-04-23 22:01:43
311,Kayerkan,69.3497,87.7602,30.04,95,100,23.67,RU,2021-04-23 21:59:16
312,Trincomalee,8.5711,81.2335,79.72,80,11,4.97,LK,2021-04-23 22:01:44
313,Khatanga,71.9667,102.5,32.95,97,100,21.07,RU,2021-04-23 22:01:45
314,Ferme-Neuve,46.7001,-75.4493,59.0,23,82,12.66,CA,2021-04-23 22:01:15
315,Clermont,49.5,2.4167,45.0,65,0,9.22,FR,2021-04-23 22:01:46
316,Codrington,-38.2667,141.9667,53.76,88,100,7.96,AU,2021-04-23 22:01:46
317,Kaniama,-7.5667,24.1833,67.59,91,94,3.47,CD,2021-04-23 22:01:46
318,Esperance,-33.8667,121.9,57.2,88,96,12.66,AU,2021-04-23 22:01:47
319,Pisco,-13.7,-76.2167,69.8,73,0,11.5,PE,2021-04-23 22:01:47
320,Bontang,0.1333,117.5,75.76,92,78,7.74,ID,2021-04-23 21:57:35
321,Ler,8.3018,30.1418,83.98,51,75,4.16,SS,2021-04-23 22:01:48
322,Uruacu,-14.5247,-49.1408,71.64,68,3,3.29,BR,2021-04-23 22:01:48
323,Matadi,-5.8167,13.45,75.78,95,94,1.12,CD,2021-04-23 22:01:49
324,Myitkyina,25.3833,97.4,72.95,54,46,1.66,MM,2021-04-23 22:01:49
325,Breves,-1.6822,-50.4803,77.77,87,73,1.72,BR,2021-04-23 22:01:49
326,Mayumba,-3.432,10.6554,78.3,87,100,2.21,GA,2021-04-23 22:01:50
327,Berdigestyakh,62.0989,126.6992,20.59,90,100,9.75,RU,2021-04-23 22:01:50
328,San Ramon De La Nueva Oran,-23.1322,-64.326,72.0,91,90,0.45,AR,2021-04-23 22:00:41
329,Aklavik,68.2191,-135.0107,35.6,48,75,2.3,CA,2021-04-23 22:01:51
330,Portland,45.5234,-122.6762,63.0,47,90,6.91,US,2021-04-23 21:59:00
331,Kahului,20.8947,-156.47,80.6,61,40,20.71,US,2021-04-23 22:01:52
332,Mitsamiouli,-11.3847,43.2844,80.73,79,84,12.46,KM,2021-04-23 22:01:52
333,Port Hardy,50.6996,-127.4199,51.8,76,75,5.75,CA,2021-04-23 21:59:26
334,Quatre Cocos,-20.2078,57.7625,79.0,78,40,9.22,MU,2021-04-23 22:01:53
335,Bambous Virieux,-20.3428,57.7575,79.0,78,40,9.22,MU,2021-04-23 22:01:53
336,Colares,38.7992,-9.4469,62.01,90,62,17.0,PT,2021-04-23 22:01:53
337,Dolores,-36.3132,-57.6792,64.33,88,67,8.61,AR,2021-04-23 22:01:54
338,Bubaque,11.2833,-15.8333,78.24,71,2,17.09,GW,2021-04-23 22:01:54
339,Alakurtti,66.9672,30.3491,30.0,90,100,8.99,RU,2021-04-23 22:01:55
340,Bonavista,48.6499,-53.1147,42.8,45,100,14.97,CA,2021-04-23 22:01:55
341,Alekseyevsk,57.8406,108.3492,24.26,96,66,1.43,RU,2021-04-23 22:01:56
342,Quelimane,-17.8786,36.8883,75.2,83,0,1.88,MZ,2021-04-23 22:01:56
343,Skjervoy,70.0311,20.9714,36.07,52,96,8.81,NO,2021-04-23 22:01:57
344,Killybegs,54.6333,-8.45,52.0,58,100,5.99,IE,2021-04-23 22:01:57
345,Henties Bay,-22.116,14.2845,64.0,85,6,4.34,NA,2021-04-23 22:01:58
346,Matara,5.9485,80.5353,77.14,90,70,5.41,LK,2021-04-23 22:01:58
347,Khed Brahma,24.0333,73.05,80.2,47,99,3.74,IN,2021-04-23 22:01:58
348,Zyryanovsk,49.7386,84.2719,30.36,92,100,2.68,KZ,2021-04-23 22:01:59
349,Talnakh,69.4865,88.3972,31.48,97,100,10.45,RU,2021-04-23 22:01:59
350,Westport,41.1415,-73.3579,62.6,22,1,16.11,US,2021-04-23 21:59:41
351,Lujan,-34.5703,-59.105,63.0,98,100,5.99,AR,2021-04-23 21:57:58
352,Victoria,22.2855,114.1577,78.01,86,20,12.68,HK,2021-04-23 22:00:54
353,Esna,25.2934,32.554,82.4,17,0,3.44,EG,2021-04-23 22:02:00
354,Salalah,17.0151,54.0924,82.4,74,40,5.75,OM,2021-04-23 22:02:01
355,Ures,29.4333,-110.4,82.99,22,0,3.0,MX,2021-04-23 22:02:01
356,Ankazoabo,-22.2833,44.5167,69.37,69,47,2.84,MG,2021-04-23 22:02:02
357,Russell,32.3502,-85.1999,73.4,28,20,8.05,US,2021-04-23 22:00:55
358,Popondetta,-8.7537,148.2534,76.68,92,100,0.96,PG,2021-04-23 22:02:02
359,Tombouctou,20.0,-3.0,89.49,10,0,8.19,ML,2021-04-23 22:02:03
360,Banda Aceh,5.5577,95.3222,80.24,76,100,11.92,ID,2021-04-23 22:02:03
361,Christchurch,-43.5333,172.6333,61.0,82,47,8.05,NZ,2021-04-23 21:57:44
362,Borogontsy,62.6683,131.1683,18.37,90,98,3.76,RU,2021-04-23 22:02:04
363,Vardo,70.3705,31.1107,30.2,80,40,8.05,NO,2021-04-23 22:00:21
364,Teguldet,57.3064,88.1667,28.36,93,61,4.68,RU,2021-04-23 22:02:04
365,Qingdao,36.0986,120.3719,53.6,94,75,11.18,CN,2021-04-23 22:02:05
366,Pozo Colorado,-23.4923,-58.7972,70.27,82,93,5.28,PY,2021-04-23 22:02:05
367,Fenoarivo,-18.933,47.4354,60.8,94,20,3.44,MG,2021-04-23 22:02:06
368,Dwarka,22.2394,68.9678,81.1,79,100,13.11,IN,2021-04-23 22:02:06
369,Libano,4.9218,-75.0623,69.78,83,81,1.81,CO,2021-04-23 22:02:07
370,Kununurra,-15.7667,128.7333,60.8,82,66,5.46,AU,2021-04-23 22:02:07
371,Fort Nelson,58.8053,-122.7002,35.6,48,75,5.75,CA,2021-04-23 22:02:07
372,Paamiut,61.994,-49.6678,32.72,77,1,0.78,GL,2021-04-23 21:59:25
373,Kangaatsiaq,68.3065,-53.4641,32.07,78,100,5.82,GL,2021-04-23 22:02:08
374,Piedras Negras,28.7,-100.5167,96.01,49,40,5.75,MX,2021-04-23 22:00:07
375,Rubtsovsk,51.5,81.25,30.97,77,14,6.51,RU,2021-04-23 21:59:55
376,Rocha,-34.4833,-54.3333,64.0,91,3,9.4,UY,2021-04-23 22:02:09
377,Geraldton,-28.7667,114.6,59.0,82,0,8.05,AU,2021-04-23 21:57:46
378,Lumeje,-11.55,20.7833,66.79,67,81,3.8,AO,2021-04-23 22:02:10
379,Lebu,-37.6167,-73.65,55.53,88,31,8.32,CL,2021-04-23 22:01:25
380,Manga,11.6636,-1.0731,91.99,31,45,9.48,BF,2021-04-23 22:02:10
381,Ambilobe,-13.2,49.05,72.46,84,90,4.27,MG,2021-04-23 22:02:11
382,Pipri,19.8,75.5333,78.8,44,40,1.36,IN,2021-04-23 22:02:11
383,Fukuma,33.7667,130.4667,63.0,72,75,2.3,JP,2021-04-23 22:02:12
384,Mount Gambier,-37.8333,140.7667,50.0,93,40,9.22,AU,2021-04-23 22:01:22
385,Arman,59.7,150.1667,28.83,81,91,4.9,RU,2021-04-23 22:02:12
386,Maniitsoq,65.4167,-52.9,34.16,73,12,4.05,GL,2021-04-23 22:02:13
387,Ajdabiya,30.7554,20.2263,79.23,16,48,18.19,LY,2021-04-23 22:02:13
388,Balvi,57.1313,27.2658,33.12,84,100,8.7,LV,2021-04-23 22:02:14
389,Staryy Nadym,65.6118,72.6842,34.38,99,100,11.01,RU,2021-04-23 22:02:14
390,Annau,37.8876,58.516,69.8,56,75,4.61,TM,2021-04-23 22:02:14
391,Qui Nhon,13.7667,109.2333,77.0,88,70,2.26,VN,2021-04-23 22:02:15
392,Itaguai,-22.8522,-43.7753,75.0,78,40,8.05,BR,2021-04-23 22:02:15
393,Poronaysk,49.2167,143.1167,34.7,88,100,6.62,RU,2021-04-23 22:02:15
394,Usinsk,65.9939,57.5281,32.54,91,31,7.4,RU,2021-04-23 22:02:16
395,Isla Mujeres,21.2311,-86.731,86.0,58,75,14.97,MX,2021-04-23 22:02:16
396,Kalmunai,7.4167,81.8167,79.74,81,2,1.52,LK,2021-04-23 22:02:17
397,Leningradskiy,69.3833,178.4167,28.47,85,100,2.86,RU,2021-04-23 22:00:46
398,Huittinen,61.1833,22.7,35.6,93,90,8.05,FI,2021-04-23 22:02:17
399,Altamont,42.2068,-121.7372,68.0,9,1,16.11,US,2021-04-23 22:02:18
400,Hirara,24.8,125.2833,71.6,78,40,13.8,JP,2021-04-23 22:00:43
401,Dunedin,-45.8742,170.5036,54.0,86,66,5.99,NZ,2021-04-23 22:02:18
402,Banjar,-8.19,114.9675,77.0,78,20,3.44,ID,2021-04-23 22:02:19
403,Aykhal,66.0,111.5,21.02,87,81,6.71,RU,2021-04-23 21:59:28
404,Zlate Moravce,48.3855,18.4006,42.01,69,2,1.14,SK,2021-04-23 22:02:19
405,Adrar,20.5022,-10.0711,82.08,8,0,10.74,MR,2021-04-23 22:02:20
406,Tadpatri,14.9167,78.0167,84.85,51,18,3.44,IN,2021-04-23 22:02:20
407,Binzhou,37.3667,118.0167,52.66,86,100,11.7,CN,2021-04-23 22:02:20
408,Itarema,-2.9248,-39.9167,79.63,79,39,11.95,BR,2021-04-23 22:02:21
409,Touros,-5.1989,-35.4608,82.4,78,20,9.22,BR,2021-04-23 22:02:21
410,Baghdad,33.3406,44.4009,80.6,22,0,4.61,IQ,2021-04-23 21:58:55
411,Tinskoy,56.1525,96.9161,29.98,76,97,7.65,RU,2021-04-23 22:02:22
412,Kruisfontein,-34.0033,24.7314,59.0,91,4,4.74,ZA,2021-04-23 22:02:23
413,Dumalaguing,8.3469,125.055,73.99,91,100,5.99,PH,2021-04-23 22:02:23
414,Ko Samui,9.5357,99.9357,83.91,74,100,13.98,TH,2021-04-23 22:02:23
415,Bloomfield,40.8068,-74.1854,64.4,17,1,20.71,US,2021-04-23 21:59:48
416,Ayaviri,-14.8864,-70.5889,51.71,56,51,8.66,PE,2021-04-23 22:02:24
417,Namatanai,-3.6667,152.4333,78.22,84,100,3.91,PG,2021-04-23 22:01:39
418,Cabildo,-38.4842,-61.8954,61.0,83,100,5.68,AR,2021-04-23 22:02:25
419,Lujiang,31.2581,117.2817,62.01,82,75,8.95,CN,2021-04-23 22:02:25
420,Dunmore Town,25.5,-76.65,76.12,71,52,17.34,BS,2021-04-23 22:02:25
421,Morgan City,29.6994,-91.2068,73.4,78,90,16.11,US,2021-04-23 22:02:26
422,Barth,54.3635,12.7249,46.0,65,75,11.5,DE,2021-04-23 22:02:26
423,Bathsheba,13.2167,-59.5167,82.4,57,40,17.27,BB,2021-04-23 21:58:02
424,Tazovskiy,67.4667,78.7,32.81,98,100,13.56,RU,2021-04-23 21:59:14
425,Oxelosund,58.6706,17.1015,37.4,48,0,10.36,SE,2021-04-23 22:02:27
426,Egvekinot,66.3167,-179.1667,31.19,78,100,3.24,RU,2021-04-23 22:02:27
427,Rio Gallegos,-51.6226,-69.2181,53.6,62,75,4.61,AR,2021-04-23 22:02:28
428,Rawson,-43.3002,-65.1023,57.47,61,4,21.61,AR,2021-04-23 22:02:28
429,Yarim,14.298,44.3779,56.79,56,7,3.53,YE,2021-04-23 22:02:29
430,Aleksandrovsk-Sakhalinskiy,50.8975,142.1561,31.53,94,100,10.92,RU,2021-04-23 22:02:29
431,Mossendjo,-2.9506,12.7261,70.79,97,100,1.39,CG,2021-04-23 22:02:29
432,Monte Alegre,-2.0078,-54.0692,77.7,79,82,1.32,BR,2021-04-23 22:02:30
433,Gamboma,-1.8764,15.8644,73.83,91,100,5.53,CG,2021-04-23 22:02:30
434,Acajutla,13.5928,-89.8275,95.0,24,20,2.3,SV,2021-04-23 22:02:31
435,Moyale,3.5167,39.0584,67.32,84,58,4.16,KE,2021-04-23 22:02:31
436,Port Hedland,-20.3167,118.5667,66.2,45,0,4.61,AU,2021-04-23 22:02:32
437,Assiniboia,49.6334,-105.9845,33.8,23,100,5.75,CA,2021-04-23 21:58:35
438,Halifax,44.6453,-63.5724,46.99,53,100,14.97,CA,2021-04-23 22:01:21
439,Berlevag,70.8578,29.0864,28.4,80,20,10.36,NO,2021-04-23 22:02:32
440,Maningrida,-12.0667,134.2667,73.29,78,55,11.03,AU,2021-04-23 22:02:33
441,Foumban,5.7291,10.9001,66.04,90,60,3.53,CM,2021-04-23 22:02:33
442,Miquelon,47.0975,-56.3814,39.2,75,0,21.85,PM,2021-04-23 22:02:34
443,Mednogorsk,51.4128,57.595,43.72,81,100,14.29,RU,2021-04-23 22:02:34
444,College,64.8569,-147.8028,55.4,30,20,8.05,US,2021-04-23 22:02:34
445,Tottori,35.5,134.2333,51.8,93,0,3.44,JP,2021-04-23 22:01:00
446,Kieta,-6.2167,155.6333,80.42,79,97,2.24,PG,2021-04-23 22:02:35
447,Ati,13.2154,18.3353,89.65,12,100,8.28,TD,2021-04-23 22:02:35
448,Yagodnoye,62.55,149.6667,14.67,84,100,6.35,RU,2021-04-23 22:02:36
449,Savonlinna,61.8699,28.88,35.6,93,90,9.22,FI,2021-04-23 22:02:36
450,San Quintin,30.4833,-115.95,62.8,65,11,17.9,MX,2021-04-23 22:01:47
451,Lagonoy,13.7342,123.5207,75.65,91,83,1.77,PH,2021-04-23 22:02:37
452,Kiruna,67.8557,20.2251,26.6,80,20,10.36,SE,2021-04-23 22:02:37
453,Asyut,27.181,31.1837,71.6,40,0,11.5,EG,2021-04-23 22:02:38
454,Manaure,11.7751,-72.4445,87.49,56,12,16.96,CO,2021-04-23 22:02:38
455,Sturgeon Falls,46.3646,-79.9326,57.2,35,20,18.41,CA,2021-04-23 22:02:39
456,Balkanabat,39.5108,54.3671,63.12,57,71,4.65,TM,2021-04-23 22:02:39
457,Palmeira Das Missoes,-27.8994,-53.3136,68.11,49,20,3.09,BR,2021-04-23 22:02:39
458,Owensboro,37.7742,-87.1133,62.6,48,75,14.97,US,2021-04-23 21:58:01
459,Antalaha,-14.9003,50.2788,72.97,92,99,5.82,MG,2021-04-23 22:02:40
460,Fethiye,36.6217,29.1164,53.6,82,0,3.44,TR,2021-04-23 22:02:40
461,Sabang,5.8933,95.3214,82.58,74,100,17.78,ID,2021-04-23 22:02:41
462,Acapulco,16.8634,-99.8901,86.0,62,90,11.5,MX,2021-04-23 21:59:59
463,West Fargo,46.875,-96.9004,41.0,52,90,19.57,US,2021-04-23 22:02:41
464,Qaqortoq,60.7167,-46.0333,44.6,53,3,6.91,GL,2021-04-23 22:02:42
465,Saint-Georges,12.0564,-61.7485,84.2,70,20,16.11,GD,2021-04-23 22:02:42
466,Waddan,29.1614,16.139,82.76,14,21,6.58,LY,2021-04-23 22:02:43
467,Raudeberg,61.9875,5.1352,37.4,70,40,9.22,NO,2021-04-23 22:01:18
468,Waitati,-45.75,170.5667,54.0,86,66,5.99,NZ,2021-04-23 22:02:43
469,Mahebourg,-20.4081,57.7,78.8,78,40,9.22,MU,2021-04-23 22:02:44
470,Chegdomyn,51.1167,133.0167,31.87,47,1,7.4,RU,2021-04-23 22:02:44
471,Pampa,35.5362,-100.9599,68.0,63,40,13.8,US,2021-04-23 22:02:45
472,Sambava,-14.2667,50.1667,74.14,89,100,8.7,MG,2021-04-23 22:02:45
473,Fort Saint James,54.4333,-124.25,49.6,35,75,5.03,CA,2021-04-23 22:02:46
474,Wattegama,6.7989,81.4808,74.59,92,6,2.59,LK,2021-04-23 22:02:46
475,Shieli,44.1667,66.75,50.65,27,100,10.78,KZ,2021-04-23 22:02:46
476,Awjilah,29.1081,21.2869,78.17,14,1,12.75,LY,2021-04-23 22:02:47
477,Santa Maria Del Oro,25.9333,-105.3667,82.0,4,50,27.27,MX,2021-04-23 22:02:47
478,Rafsanjan,30.4067,55.9939,74.34,19,60,4.29,IR,2021-04-23 22:02:48
479,Coruripe,-10.1256,-36.1756,78.53,80,43,8.16,BR,2021-04-23 22:02:48
480,Nanortalik,60.1432,-45.2371,36.81,85,15,3.78,GL,2021-04-23 21:59:40
481,Ciudad Bolivar,8.1222,-63.5497,95.49,30,89,14.23,VE,2021-04-23 22:02:11
482,Araouane,18.9048,-3.5265,89.02,10,0,4.83,ML,2021-04-23 22:02:49
483,Altay,47.8667,88.1167,23.88,67,56,1.12,CN,2021-04-23 22:02:50
484,Eldorado,-23.7869,-54.2836,70.7,58,21,5.7,BR,2021-04-23 21:59:28
485,Kingaroy,-26.5333,151.8333,57.99,93,8,3.38,AU,2021-04-23 22:02:50
486,Vammala,61.3333,22.9,36.0,93,90,8.05,FI,2021-04-23 22:02:51
487,Ambon,-3.6954,128.1814,78.8,94,40,5.75,ID,2021-04-23 22:02:51
488,Tilichiki,60.4667,166.1,22.82,82,50,4.23,RU,2021-04-23 22:02:52
489,Vestmannaeyjar,63.4427,-20.2734,46.4,87,100,20.2,IS,2021-04-23 22:01:17
490,Kensington,-33.9167,151.2167,55.0,71,0,8.05,AU,2021-04-23 22:02:52
491,Shimoda,34.6667,138.95,54.0,63,100,1.99,JP,2021-04-23 22:02:53
492,Vanimo,-2.6741,141.3028,78.82,86,100,3.02,PG,2021-04-23 22:02:53
493,Rosetta,31.4044,30.4164,62.6,82,0,6.91,EG,2021-04-23 22:02:53
494,Langarud,37.197,50.1535,59.0,88,90,2.3,IR,2021-04-23 22:02:54
495,Hwange,-18.3693,26.5019,66.09,66,19,3.09,ZW,2021-04-23 22:02:55
496,Tuatapere,-46.1333,167.6833,46.99,95,99,1.01,NZ,2021-04-23 22:02:55
497,Nouakchott,18.0858,-15.9785,66.2,88,0,14.97,MR,2021-04-23 22:02:08
498,Anori,-3.7728,-61.6442,77.85,93,89,1.39,BR,2021-04-23 22:01:18
499,Republic,37.12,-93.4802,63.0,63,20,14.97,US,2021-04-23 22:02:56
500,Padilla,3.2204,-76.3139,80.6,61,75,14.97,CO,2021-04-23 22:02:56
501,Metro,-5.1131,105.3067,72.37,92,2,5.75,ID,2021-04-23 22:02:58
502,Lima,-12.0432,-77.0282,69.01,77,40,8.05,PE,2021-04-23 22:01:49
503,Palmer,42.1584,-72.3287,59.0,21,20,18.41,US,2021-04-23 22:02:58
504,Chunoyar,57.4467,97.3217,26.35,93,77,3.98,RU,2021-04-23 22:02:59
505,Zhigansk,66.7697,123.3711,10.22,90,55,5.03,RU,2021-04-23 22:02:59
506,Charters Towers,-20.1,146.2667,64.04,89,100,9.01,AU,2021-04-23 22:02:59
507,Hammerfest,70.6634,23.6821,32.0,64,75,9.22,NO,2021-04-23 22:03:00
508,Nadym,65.5333,72.5167,34.52,99,100,11.45,RU,2021-04-23 22:00:36
509,Damaturu,11.747,11.9608,88.0,11,25,4.9,NG,2021-04-23 22:03:01
510,Lagoa,39.05,-27.9833,57.81,78,7,32.37,PT,2021-04-23 22:03:01
511,Lasa,46.6166,10.7002,59.0,52,0,5.75,IT,2021-04-23 22:03:02
512,Houston,29.7633,-95.3633,75.2,94,90,26.46,US,2021-04-23 21:58:11
513,Yumen,40.2833,97.2,37.47,85,49,1.41,CN,2021-04-23 22:03:02
514,Vila Velha,-20.3297,-40.2925,77.0,69,75,8.05,BR,2021-04-23 22:03:03
515,Keti Bandar,24.1447,67.4497,80.83,78,0,11.7,PK,2021-04-23 21:58:20
516,Arlit,18.7369,7.3853,87.64,7,39,11.97,NE,2021-04-23 22:03:03
517,Diffa,13.3154,12.6113,91.42,11,94,6.71,NE,2021-04-23 22:03:04
518,Riyadh,24.6877,46.7219,82.4,13,0,5.75,SA,2021-04-23 21:58:06
519,Moron,-34.6534,-58.6198,75.2,57,0,8.05,AR,2021-04-23 22:03:04
520,Rabo De Peixe,37.8,-25.5833,59.0,67,40,20.71,PT,2021-04-23 22:03:05
521,Sosnovo-Ozerskoye,52.5249,111.5418,27.57,37,100,3.8,RU,2021-04-23 22:03:05
522,Valley,45.1277,-116.1262,59.0,28,20,5.14,US,2021-04-23 22:03:05
523,Kiama,-34.6833,150.8667,57.0,75,95,1.99,AU,2021-04-23 22:03:06
524,Elizabeth City,36.2946,-76.2511,62.01,33,1,10.36,US,2021-04-23 22:03:06
525,Juba,4.8517,31.5825,72.09,82,86,5.59,SS,2021-04-23 22:00:48
526,Dickson,36.077,-87.3878,62.6,48,1,6.91,US,2021-04-23 22:03:07
527,Kamenka,51.3223,42.7678,43.0,95,8,7.54,RU,2021-04-23 22:03:07
528,Kulhudhuffushi,6.6221,73.07,83.08,75,5,7.05,MV,2021-04-23 22:03:08
529,Presidencia Roque Saenz Pena,-26.7852,-60.4388,68.88,95,84,5.7,AR,2021-04-23 22:00:01
530,Marsh Harbour,26.5412,-77.0636,73.63,70,55,14.34,BS,2021-04-23 22:01:20
531,Chimore,-16.9833,-65.1333,74.34,95,46,1.59,BO,2021-04-23 22:03:09
532,Harnosand,62.6323,17.9379,37.99,41,90,17.27,SE,2021-04-23 22:03:09
533,Tezu,27.9167,96.1667,70.7,38,62,4.32,IN,2021-04-23 22:03:10
534,Bireun,5.203,96.7009,77.36,82,100,3.8,ID,2021-04-23 22:03:10
535,Pacifica,37.6138,-122.4869,60.01,82,90,8.05,US,2021-04-23 22:00:16
536,Morganton,35.7454,-81.6848,63.0,29,40,6.91,US,2021-04-23 21:58:43
537,Sur,22.5667,59.5289,86.45,31,0,15.37,OM,2021-04-23 22:03:11
538,Miri,4.4148,114.0089,77.0,94,40,5.75,MY,2021-04-23 22:03:11
539,Oktyabrskiy,54.4815,53.471,44.42,93,100,7.61,RU,2021-04-23 22:03:12
540,Kerch,45.3583,36.4758,51.31,85,97,14.74,UA,2021-04-23 22:03:12
541,Lipovtsy,44.2014,131.7244,53.91,86,100,6.29,RU,2021-04-23 22:03:13
542,Troitsko-Pechorsk,62.7084,56.1964,36.46,95,46,4.52,RU,2021-04-23 22:03:13
543,Tayoltita,24.0833,-105.9333,82.13,14,73,9.01,MX,2021-04-23 22:03:14
544,Buala,-8.145,159.5921,83.08,69,13,3.42,SB,2021-04-23 22:03:14
545,Charlotte,35.2271,-80.8431,64.99,29,75,5.75,US,2021-04-23 21:59:56
546,Panguna,-6.3164,155.4848,73.33,84,95,3.02,PG,2021-04-23 22:03:15
547,Verkhnyaya Toyma,62.2349,44.9985,46.0,82,60,9.06,RU,2021-04-23 22:03:15
548,Oksfjord,70.2396,22.3479,33.8,55,40,11.5,NO,2021-04-23 22:03:16
549,Rudnogorsk,57.2639,103.7519,19.15,98,56,2.51,RU,2021-04-23 22:03:16
550,Chor,25.5167,69.7667,83.44,32,0,5.93,PK,2021-04-23 22:03:16
551,Bethel,41.3712,-73.414,61.0,20,1,14.97,US,2021-04-23 22:00:47
552,Ulladulla,-35.35,150.4667,55.0,71,27,11.5,AU,2021-04-23 22:03:17
553,Lavrentiya,65.5833,-171.0,33.04,78,25,1.52,RU,2021-04-23 22:03:17
554,Umm Kaddadah,13.6017,26.6876,83.46,16,17,9.13,SD,2021-04-23 22:03:18
555,Ratne,51.6683,24.5303,36.34,67,84,8.01,UA,2021-04-23 22:03:18
556,Ruzhyn,49.7228,29.2046,37.58,78,50,9.24,UA,2021-04-23 22:03:18
557,Sao Felix Do Xingu,-6.6447,-51.995,73.92,96,87,0.74,BR,2021-04-23 22:03:19
558,Iralaya,15.0,-83.2333,86.0,74,20,5.75,HN,2021-04-23 22:03:19
559,Guerrero Negro,27.9769,-114.0611,65.07,59,13,21.27,MX,2021-04-23 22:03:20
560,Kristiinankaupunki,62.2743,21.376,33.46,96,100,19.84,FI,2021-04-23 22:03:20
561,Ilinden,41.9961,21.5822,48.2,93,90,3.53,MK,2021-04-23 22:03:21
562,Indramayu,-6.3264,108.32,77.95,78,55,6.89,ID,2021-04-23 22:03:21
563,Jalu,29.0331,21.5482,77.54,14,0,12.48,LY,2021-04-23 22:03:22
564,Mackay,-21.15,149.2,68.0,94,90,10.36,AU,2021-04-23 22:03:22
565,Hami,42.8,93.45,45.32,28,51,8.75,CN,2021-04-23 22:03:22
566,Kitimat,54.0524,-128.6534,61.0,39,100,1.01,CA,2021-04-23 22:00:39
567,Gaya,24.7833,85.0,69.8,49,11,5.17,IN,2021-04-23 22:03:19
568,Orange Cove,36.6244,-119.3137,80.01,38,1,4.61,US,2021-04-23 21:59:59
569,Turukhansk,65.8167,87.9833,23.18,92,35,12.24,RU,2021-04-23 22:03:23
570,Talcahuano,-36.7167,-73.1167,57.2,94,40,11.5,CL,2021-04-23 22:03:24
571,Escanaba,45.7453,-87.0646,57.2,38,90,7.54,US,2021-04-23 22:03:24
572,Klaksvik,62.2266,-6.589,42.8,100,40,5.75,FO,2021-04-23 22:02:15
