City_ID,City,Lat,Lng,Max Temp,Humidity,Cloudiness,Wind Speed,Country,Current Description,Date
0,Palmares Do Sul,-30.2578,-50.5097,67.84,71,60,14.07,BR,broken clouds,2021-04-25 21:24:17
1,Ushuaia,-54.8,-68.3,51.8,66,40,14.97,AR,scattered clouds,2021-04-25 21:24:18
2,Yellowknife,62.456,-114.3525,12.0,66,90,12.66,CA,light snow,2021-04-25 21:24:18
3,Bengkulu,-3.8004,102.2655,75.54,89,66,4.54,ID,broken clouds,2021-04-25 21:19:27
4,Rundu,-17.9333,19.7667,63.63,35,4,4.76,NA,clear sky,2021-04-25 21:24:19
5,Talnakh,69.4865,88.3972,-2.42,94,87,2.89,RU,overcast clouds,2021-04-25 21:24:19
6,Chokurdakh,70.6333,147.9167,20.05,94,100,14.09,RU,light snow,2021-04-25 21:24:20
7,Sosnogorsk,63.6023,53.8817,42.64,69,100,9.86,RU,overcast clouds,2021-04-25 21:24:20
8,Mataura,-46.1927,168.8643,46.99,80,66,11.01,NZ,broken clouds,2021-04-25 21:24:20
9,Laives,46.4228,11.3348,55.4,58,0,2.3,IT,clear sky,2021-04-25 21:24:21
10,Hermanus,-34.4187,19.2345,62.01,88,100,3.0,ZA,overcast clouds,2021-04-25 21:20:42
11,Narsaq,60.9167,-46.05,50.0,32,75,25.32,GL,broken clouds,2021-04-25 21:22:46
12,Melo,-32.3667,-54.1833,60.03,68,18,8.3,UY,few clouds,2021-04-25 21:24:22
13,Busselton,-33.65,115.3333,52.0,97,100,4.85,AU,overcast clouds,2021-04-25 21:19:39
14,Bilibino,68.0546,166.4372,19.31,90,98,3.27,RU,overcast clouds,2021-04-25 21:24:23
15,Port Alfred,-33.5906,26.891,70.5,62,100,13.09,ZA,overcast clouds,2021-04-25 21:22:40
16,Punta Arenas,-53.15,-70.9167,55.4,67,75,16.11,CL,light rain,2021-04-25 21:24:23
17,Atuona,-9.8,-139.0333,79.86,73,47,14.85,PF,scattered clouds,2021-04-25 21:24:24
18,Qaanaaq,77.484,-69.3632,30.96,75,21,4.85,GL,few clouds,2021-04-25 21:24:24
19,Jamestown,42.097,-79.2353,44.01,70,90,10.36,US,overcast clouds,2021-04-25 21:22:21
20,Carauari,-4.8828,-66.8958,80.85,89,97,0.76,BR,heavy intensity rain,2021-04-25 21:24:24
21,Hamilton,39.1834,-84.5333,64.0,36,20,9.22,US,few clouds,2021-04-25 21:20:30
22,Surt,31.2089,16.5887,62.4,83,0,7.29,LY,clear sky,2021-04-25 21:24:25
23,San Policarpo,12.1791,125.5072,77.7,82,100,9.62,PH,overcast clouds,2021-04-25 21:24:25
24,Rikitea,-23.1203,-134.9692,78.04,74,100,8.01,PF,overcast clouds,2021-04-25 21:19:32
25,Ketchikan,55.3422,-131.6461,59.0,33,1,10.36,US,clear sky,2021-04-25 21:24:26
26,Balabac,7.9868,117.0645,81.09,78,46,7.7,PH,scattered clouds,2021-04-25 21:24:06
27,Aktau,43.65,51.2,50.0,93,90,6.71,KZ,fog,2021-04-25 21:24:26
28,Vaini,-21.2,-175.2,77.0,88,75,5.75,TO,light rain,2021-04-25 21:24:27
29,Vardo,70.3705,31.1107,33.8,69,20,13.8,NO,few clouds,2021-04-25 21:23:37
30,Mayor Pablo Lagerenza,-19.9309,-60.7718,71.74,67,100,8.34,PY,overcast clouds,2021-04-25 21:24:27
31,Keffi,8.8486,7.8736,86.0,58,20,5.75,NG,few clouds,2021-04-25 21:24:28
32,Imbituba,-28.24,-48.6703,73.4,73,75,6.91,BR,broken clouds,2021-04-25 21:24:28
33,Cabo San Lucas,22.8909,-109.9124,82.99,32,90,5.75,MX,overcast clouds,2021-04-25 21:20:08
34,Bluff,-46.6,168.3333,46.99,80,76,11.01,NZ,broken clouds,2021-04-25 21:24:29
35,Haines Junction,60.7522,-137.5108,53.6,26,0,3.44,CA,clear sky,2021-04-25 21:24:29
36,Mantua,45.1667,10.7833,62.01,63,100,5.01,IT,overcast clouds,2021-04-25 21:24:30
37,Saint-Philippe,-21.3585,55.7679,78.8,69,0,18.41,RE,light rain,2021-04-25 21:24:30
38,Muros,42.7762,-9.0603,59.0,90,90,1.01,ES,overcast clouds,2021-04-25 21:24:31
39,San Ramon De La Nueva Oran,-23.1322,-64.326,73.0,77,68,1.99,AR,broken clouds,2021-04-25 21:20:35
40,Coos Bay,43.3665,-124.2179,54.0,76,90,17.27,US,overcast clouds,2021-04-25 21:24:31
41,Elliot Lake,46.3834,-82.6331,37.4,52,75,16.11,CA,broken clouds,2021-04-25 21:24:32
42,Nguru,12.8791,10.4526,91.71,19,24,7.43,NG,few clouds,2021-04-25 21:24:33
43,Bredasdorp,-34.5322,20.0403,55.4,94,100,4.61,ZA,overcast clouds,2021-04-25 21:20:05
44,Salinopolis,-0.6136,-47.3561,80.33,82,53,8.46,BR,broken clouds,2021-04-25 21:24:33
45,Bethel,41.3712,-73.414,59.0,58,90,11.5,US,overcast clouds,2021-04-25 21:20:11
46,Mount Gambier,-37.8333,140.7667,51.8,93,90,1.14,AU,overcast clouds,2021-04-25 21:24:34
47,Governador Valadares,-18.8511,-41.9494,78.84,63,5,4.0,BR,clear sky,2021-04-25 21:24:34
48,Tuktoyaktuk,69.4541,-133.0374,12.2,79,90,10.36,CA,light snow,2021-04-25 21:22:33
49,Ancud,-41.8697,-73.8203,57.99,82,75,2.3,CL,broken clouds,2021-04-25 21:20:42
50,Zemio,5.0314,25.1361,68.22,98,99,2.1,CF,overcast clouds,2021-04-25 21:24:35
51,Agadez,19.75,10.25,88.75,9,2,5.75,NE,clear sky,2021-04-25 21:20:23
52,Nichinan,31.6,131.3667,57.2,62,40,5.75,JP,scattered clouds,2021-04-25 21:24:36
53,Nara,34.6851,135.8049,50.0,66,75,3.44,JP,broken clouds,2021-04-25 21:24:36
54,Harper,4.375,-7.7169,80.2,81,100,6.71,LR,overcast clouds,2021-04-25 21:24:36
55,Coquimbo,-29.9533,-71.3436,60.8,77,0,11.5,CL,clear sky,2021-04-25 21:23:16
56,Fukue,32.6881,128.8419,58.78,59,85,29.55,JP,overcast clouds,2021-04-25 21:24:37
57,Khovu-Aksy,51.1333,93.6,23.56,69,16,2.77,RU,few clouds,2021-04-25 21:24:37
58,Sylacauga,33.1732,-86.2516,73.0,46,1,3.44,US,clear sky,2021-04-25 21:22:38
59,Faya,18.3851,42.4509,62.6,72,40,10.45,SA,scattered clouds,2021-04-25 21:24:38
60,Mango,27.9797,-82.3065,86.0,45,90,6.91,US,overcast clouds,2021-04-25 21:24:38
61,Yumen,40.2833,97.2,36.48,16,77,9.55,CN,broken clouds,2021-04-25 21:24:39
62,Cape Town,-33.9258,18.4232,62.01,94,20,8.05,ZA,few clouds,2021-04-25 21:23:20
63,Iqaluit,63.7506,-68.5145,33.8,86,90,4.61,CA,overcast clouds,2021-04-25 21:24:39
64,Chuy,-33.6971,-53.4616,62.65,80,98,13.85,UY,overcast clouds,2021-04-25 21:24:40
65,Albany,42.6001,-73.9662,57.99,47,88,1.01,US,overcast clouds,2021-04-25 21:24:34
66,Cherskiy,68.75,161.3,10.65,90,97,4.92,RU,overcast clouds,2021-04-25 21:24:40
67,Ponta Do Sol,32.6667,-17.1,60.01,86,54,5.01,PT,broken clouds,2021-04-25 21:22:22
68,Tasiilaq,65.6145,-37.6368,37.4,81,75,19.57,GL,light rain,2021-04-25 21:24:41
69,Saint-Pierre,-21.3393,55.4781,78.8,69,0,18.41,RE,clear sky,2021-04-25 21:24:41
70,Pevek,69.7008,170.3133,20.35,91,100,11.59,RU,light snow,2021-04-25 21:24:42
71,Geraldton,-28.7667,114.6,64.4,55,0,6.91,AU,clear sky,2021-04-25 21:23:46
72,Povenets,62.8487,34.8262,38.39,90,62,12.91,RU,broken clouds,2021-04-25 21:24:42
73,Kozulka,50.0351,23.797,39.2,75,75,8.95,UA,broken clouds,2021-04-25 21:24:43
74,Jalu,29.0331,21.5482,65.19,62,0,13.87,LY,clear sky,2021-04-25 21:24:43
75,Georgetown,5.4112,100.3354,80.01,89,20,4.74,MY,few clouds,2021-04-25 21:24:44
76,Kavaratti,10.5669,72.642,83.8,71,1,6.6,IN,clear sky,2021-04-25 21:24:44
77,Oktyabrskiy,54.4815,53.471,39.24,64,5,14.5,RU,clear sky,2021-04-25 21:24:45
78,Hailey,43.5196,-114.3153,41.0,87,90,11.5,US,overcast clouds,2021-04-25 21:24:45
79,Lompoc,34.6391,-120.4579,59.0,67,100,12.66,US,overcast clouds,2021-04-25 21:24:46
80,Bama,11.5221,13.6856,83.35,49,93,7.36,NG,overcast clouds,2021-04-25 21:24:46
81,Bairnsdale,-37.8333,147.6167,48.99,90,47,5.55,AU,scattered clouds,2021-04-25 21:24:46
82,Hobart,-42.8794,147.3294,57.2,58,75,9.22,AU,broken clouds,2021-04-25 21:24:31
83,Vila Franca Do Campo,37.7167,-25.4333,59.0,77,75,11.5,PT,broken clouds,2021-04-25 21:21:05
84,Lebu,-37.6167,-73.65,58.5,81,0,11.86,CL,clear sky,2021-04-25 21:24:47
85,Avera,33.194,-82.5271,75.2,50,75,5.75,US,broken clouds,2021-04-25 21:24:48
86,New Norfolk,-42.7826,147.0587,55.0,76,97,5.01,AU,overcast clouds,2021-04-25 21:24:48
87,Asosa,10.0667,34.5333,64.83,83,100,0.43,ET,overcast clouds,2021-04-25 21:24:49
88,Amboasary,-25.0333,46.3833,73.4,88,20,11.5,MG,few clouds,2021-04-25 21:22:37
89,Ati,13.2154,18.3353,90.18,14,96,4.72,TD,overcast clouds,2021-04-25 21:24:49
90,Oparino,59.8518,48.2783,33.66,94,100,7.43,RU,snow,2021-04-25 21:24:50
91,Fort Nelson,58.8053,-122.7002,55.4,19,20,6.91,CA,few clouds,2021-04-25 21:24:50
92,Arman,59.7,150.1667,15.84,71,28,7.05,RU,scattered clouds,2021-04-25 21:24:50
93,Thompson,55.7435,-97.8558,35.6,64,90,24.16,CA,overcast clouds,2021-04-25 21:24:51
94,Caravelas,-17.7125,-39.2481,76.96,79,6,7.4,BR,clear sky,2021-04-25 21:22:20
95,Upernavik,72.7868,-56.1549,36.01,83,22,5.19,GL,few clouds,2021-04-25 21:24:51
96,Kapaa,22.0752,-159.319,78.8,69,20,12.66,US,few clouds,2021-04-25 21:24:52
97,Te Anau,-45.4167,167.7167,45.03,93,100,8.79,NZ,heavy intensity rain,2021-04-25 21:24:52
98,Tezu,27.9167,96.1667,76.75,23,74,4.32,IN,broken clouds,2021-04-25 21:24:53
99,Veraval,20.9,70.3667,80.82,83,24,13.0,IN,few clouds,2021-04-25 21:24:53
100,San Joaquin,37.9333,-121.3011,61.0,82,90,14.97,US,overcast clouds,2021-04-25 21:24:53
101,Puerto Ayora,-0.7393,-90.3518,82.4,74,20,13.8,EC,few clouds,2021-04-25 21:24:54
102,Quatre Cocos,-20.2078,57.7625,77.0,94,40,10.36,MU,light rain,2021-04-25 21:24:54
103,Nanortalik,60.1432,-45.2371,41.41,77,100,13.58,GL,overcast clouds,2021-04-25 21:21:21
104,Barrow,71.2906,-156.7887,15.8,92,1,18.41,US,clear sky,2021-04-25 21:21:24
105,Djenne,13.9061,-4.5533,97.05,14,49,6.04,ML,scattered clouds,2021-04-25 21:24:55
106,Airai,-8.9266,125.4092,54.72,83,25,1.86,TL,scattered clouds,2021-04-25 21:24:56
107,Hithadhoo,-0.6,73.0833,82.31,69,99,4.7,MV,overcast clouds,2021-04-25 21:24:56
108,Riyadh,24.6877,46.7219,80.6,19,0,2.3,SA,clear sky,2021-04-25 21:24:57
109,Fortuna,40.5982,-124.1573,55.0,82,75,9.22,US,broken clouds,2021-04-25 21:24:57
110,Mar Del Plata,-38.0023,-57.5575,62.6,67,40,10.36,AR,scattered clouds,2021-04-25 21:24:24
111,Sioux Lookout,50.1001,-91.917,46.4,25,75,11.5,CA,broken clouds,2021-04-25 21:20:27
112,Yantikovo,55.8216,47.9104,39.2,65,75,22.37,RU,broken clouds,2021-04-25 21:24:58
113,East London,-33.0153,27.9116,68.02,73,100,10.27,ZA,overcast clouds,2021-04-25 21:24:58
114,Provideniya,64.3833,-173.3,35.6,69,0,4.47,RU,clear sky,2021-04-25 21:24:59
115,Kambove,-10.8764,26.5969,62.06,84,84,2.3,CD,broken clouds,2021-04-25 21:24:59
116,Alofi,-19.0595,-169.9187,82.4,83,49,4.61,NU,scattered clouds,2021-04-25 21:24:59
117,Yatou,37.15,122.3833,49.01,73,100,1.7,CN,overcast clouds,2021-04-25 21:20:53
118,Muisne,0.6,-80.0333,82.4,83,20,9.22,EC,few clouds,2021-04-25 21:25:00
119,Yulara,-25.2406,130.9889,53.6,54,0,8.05,AU,clear sky,2021-04-25 21:20:29
120,Taoudenni,22.6783,-3.9836,94.35,10,5,10.56,ML,clear sky,2021-04-25 21:25:01
121,Inhambane,-23.865,35.3833,71.8,90,5,2.84,MZ,clear sky,2021-04-25 21:25:01
122,Butaritari,3.0707,172.7902,82.6,75,16,12.39,KI,few clouds,2021-04-25 21:25:01
123,Urengoy,65.9667,78.3667,22.32,94,100,8.03,RU,overcast clouds,2021-04-25 21:25:02
124,Bambous Virieux,-20.3428,57.7575,77.0,94,40,10.36,MU,light rain,2021-04-25 21:25:02
125,Grindavik,63.8424,-22.4338,41.0,87,0,14.97,IS,clear sky,2021-04-25 21:25:03
126,Margate,51.3813,1.3862,45.0,67,30,4.0,GB,scattered clouds,2021-04-25 21:25:03
127,Arraial Do Cabo,-22.9661,-42.0278,75.2,88,0,6.91,BR,clear sky,2021-04-25 21:25:03
128,Mayya,61.7333,130.2811,32.0,86,40,2.24,RU,scattered clouds,2021-04-25 21:25:04
129,Northam,51.0333,-4.2167,51.01,70,7,11.99,GB,clear sky,2021-04-25 21:25:04
130,Tura,25.5198,90.2201,76.51,28,2,3.06,IN,clear sky,2021-04-25 21:23:24
131,Roma,43.2128,-75.4557,55.4,62,90,16.11,US,overcast clouds,2021-04-25 21:20:24
132,Vanimo,-2.6741,141.3028,75.54,84,100,3.06,PG,overcast clouds,2021-04-25 21:25:05
133,Imeni Babushkina,59.7573,43.1285,39.63,97,100,4.21,RU,light rain,2021-04-25 21:25:05
134,Bahia Honda,22.9036,-83.1592,81.63,68,91,5.12,CU,light rain,2021-04-25 21:25:06
135,Torbay,47.6666,-52.7314,50.0,43,20,23.02,CA,few clouds,2021-04-25 21:25:06
136,Mendi,-6.1761,143.6513,55.62,97,100,2.3,PG,overcast clouds,2021-04-25 21:25:07
137,Buluang,13.3068,123.3425,73.51,93,21,4.12,PH,few clouds,2021-04-25 21:25:07
138,Karatau,43.1667,70.4667,51.57,44,26,3.11,KZ,scattered clouds,2021-04-25 21:25:08
139,Kandrian,-6.2167,149.55,77.77,85,100,5.46,PG,overcast clouds,2021-04-25 21:25:08
140,Nouadhibou,20.931,-17.0347,66.2,82,0,14.97,MR,clear sky,2021-04-25 21:25:09
141,Fenoarivo,-18.933,47.4354,64.4,88,75,4.61,MG,broken clouds,2021-04-25 21:25:09
142,Beringovskiy,63.05,179.3167,31.3,88,100,1.45,RU,overcast clouds,2021-04-25 21:25:09
143,Castro,-24.7911,-50.0119,60.48,88,85,3.87,BR,overcast clouds,2021-04-25 21:24:19
144,Kavieng,-2.5744,150.7967,81.7,75,100,2.59,PG,light rain,2021-04-25 21:20:10
145,Clyde River,70.4692,-68.5914,21.2,100,90,25.32,CA,mist,2021-04-25 21:25:10
146,Lorengau,-2.0226,147.2712,79.93,82,56,5.66,PG,broken clouds,2021-04-25 21:25:11
147,Marzuq,14.4,46.4667,69.39,77,71,7.29,YE,broken clouds,2021-04-25 21:25:11
148,Santa Maria,-29.6842,-53.8069,68.0,60,40,3.44,BR,scattered clouds,2021-04-25 21:23:12
149,Clovis,36.8252,-119.7029,64.99,42,90,3.44,US,overcast clouds,2021-04-25 21:25:12
150,Port Macquarie,-31.4333,152.9167,55.0,92,9,3.0,AU,clear sky,2021-04-25 21:23:12
151,Antalaha,-14.9003,50.2788,72.45,88,93,5.77,MG,light rain,2021-04-25 21:21:54
152,Hornepayne,49.2138,-84.7705,37.85,40,82,7.05,CA,broken clouds,2021-04-25 21:25:13
153,Klaksvik,62.2266,-6.589,44.6,100,100,12.66,FO,overcast clouds,2021-04-25 21:25:13
154,Bilma,18.6853,12.9164,91.8,10,5,9.55,NE,clear sky,2021-04-25 21:25:13
155,Masunga,-20.6246,27.4488,62.01,28,0,6.93,BW,clear sky,2021-04-25 21:25:14
156,Abbeville,50.1,1.8333,42.01,78,70,13.29,FR,broken clouds,2021-04-25 21:25:14
157,Peniche,39.3558,-9.3811,59.0,90,18,4.0,PT,few clouds,2021-04-25 21:25:14
158,Ixtapa,20.7,-105.2,82.4,69,75,14.97,MX,broken clouds,2021-04-25 21:25:15
159,Ostrovnoy,68.0531,39.5131,33.46,98,100,20.87,RU,light snow,2021-04-25 21:25:15
160,Roald,62.5833,6.1333,37.4,75,75,10.36,NO,broken clouds,2021-04-25 21:25:16
161,Constitucion,-35.3333,-72.4167,63.52,66,3,13.73,CL,clear sky,2021-04-25 21:23:36
162,Waipawa,-41.4122,175.5153,55.4,71,20,6.91,NZ,few clouds,2021-04-25 21:25:16
163,Trincomalee,8.5711,81.2335,80.19,71,7,8.08,LK,clear sky,2021-04-25 21:25:17
164,Hilo,19.7297,-155.09,78.8,65,90,9.22,US,light rain,2021-04-25 21:25:17
165,Amot,59.5714,7.9877,36.0,55,22,1.99,NO,few clouds,2021-04-25 21:25:18
166,Yeppoon,-23.1333,150.7333,64.4,82,14,5.75,AU,few clouds,2021-04-25 21:25:18
167,Ucluelet,48.9329,-125.5528,53.01,81,75,6.91,CA,broken clouds,2021-04-25 21:25:18
168,Sao Joao Da Barra,-21.6403,-41.0511,78.8,73,0,9.22,BR,clear sky,2021-04-25 21:25:19
169,Gao,16.6362,1.637,89.89,5,4,7.52,ML,clear sky,2021-04-25 21:24:53
170,Paamiut,61.994,-49.6678,36.52,96,100,2.86,GL,overcast clouds,2021-04-25 21:20:40
171,Mayo,38.8876,-76.5119,66.0,45,75,14.97,US,broken clouds,2021-04-25 21:25:19
172,Sur,22.5667,59.5289,83.71,46,0,10.67,OM,clear sky,2021-04-25 21:25:20
173,Mackenzie,55.2999,-123.1698,48.2,25,1,8.05,CA,clear sky,2021-04-25 21:25:20
174,Kaitangata,-46.2817,169.8464,43.0,62,84,4.0,NZ,broken clouds,2021-04-25 21:25:21
175,Kodiak,57.79,-152.4072,42.8,75,90,10.36,US,overcast clouds,2021-04-25 21:25:21
176,Bacolod,10.6667,122.95,77.86,83,54,4.27,PH,broken clouds,2021-04-25 21:25:21
177,Bondo,3.8146,23.6866,68.58,99,100,3.85,CD,overcast clouds,2021-04-25 21:25:22
178,Shimoda,34.6667,138.95,55.4,30,75,13.8,JP,broken clouds,2021-04-25 21:25:22
179,Sunrise Manor,36.2111,-115.0731,80.6,10,40,29.93,US,scattered clouds,2021-04-25 21:23:35
180,Pamekasan,-7.1568,113.4746,78.24,79,58,8.52,ID,broken clouds,2021-04-25 21:25:23
181,Ca Mau,9.1769,105.15,78.87,86,26,3.62,VN,scattered clouds,2021-04-25 21:20:26
182,Terrace,54.5163,-128.6035,59.0,20,40,9.22,CA,scattered clouds,2021-04-25 21:25:24
183,Verkhovazhye,60.7472,42.0465,40.19,95,100,4.74,RU,overcast clouds,2021-04-25 21:25:24
184,Lagoa,39.05,-27.9833,59.23,81,99,13.38,PT,overcast clouds,2021-04-25 21:25:25
185,Avarua,-21.2078,-159.775,82.4,78,75,9.22,CK,light rain,2021-04-25 21:25:25
186,Machiques,10.0644,-72.545,89.49,54,69,11.07,VE,broken clouds,2021-04-25 21:25:25
187,Ukiah,39.1502,-123.2078,55.4,62,75,9.22,US,broken clouds,2021-04-25 21:25:26
188,Lavrentiya,65.5833,-171.0,29.88,84,94,1.72,RU,overcast clouds,2021-04-25 21:25:26
189,Manitouwadge,49.1215,-85.8403,35.6,55,1,9.22,CA,clear sky,2021-04-25 21:25:27
190,Liepaja,56.5419,21.0367,35.6,87,90,9.22,LV,overcast clouds,2021-04-25 21:25:27
191,Sakakah,29.9697,40.2064,87.8,13,75,14.97,SA,broken clouds,2021-04-25 21:25:28
192,Vestmannaeyjar,63.4427,-20.2734,45.03,81,0,19.26,IS,clear sky,2021-04-25 21:25:28
193,Tiksi,71.6872,128.8694,25.41,96,100,0.07,RU,light snow,2021-04-25 21:25:28
194,Amontada,-3.3617,-39.8317,78.35,79,35,6.22,BR,scattered clouds,2021-04-25 21:25:29
195,Santa Isabel Do Rio Negro,-0.4139,-65.0192,82.31,85,92,2.46,BR,overcast clouds,2021-04-25 21:25:29
196,Sitka,57.0531,-135.33,57.2,33,20,3.44,US,few clouds,2021-04-25 21:22:20
197,Riverton,40.5219,-111.9391,61.0,58,40,11.5,US,scattered clouds,2021-04-25 21:25:30
198,Whitehorse,60.7161,-135.0538,54.0,20,1,12.66,CA,clear sky,2021-04-25 21:20:59
199,Otofuke,42.9917,143.2003,30.29,71,83,2.01,JP,broken clouds,2021-04-25 21:25:31
200,Harrogate,53.9908,-1.5373,42.8,75,11,8.05,GB,few clouds,2021-04-25 21:25:31
201,Gazanjyk,39.2446,55.5154,76.24,27,3,4.61,TM,clear sky,2021-04-25 21:25:31
202,Rudbar,30.15,62.6,79.84,16,0,6.8,AF,clear sky,2021-04-25 21:25:32
203,Walvis Bay,-22.9575,14.5053,62.01,88,15,1.14,NA,few clouds,2021-04-25 21:25:32
204,Lakes Entrance,-37.8811,147.981,48.99,90,16,9.82,AU,few clouds,2021-04-25 21:25:33
205,Palembang,-2.9167,104.7458,73.22,96,61,3.29,ID,broken clouds,2021-04-25 21:25:33
206,Kruisfontein,-34.0033,24.7314,72.55,37,100,7.27,ZA,overcast clouds,2021-04-25 21:22:32
207,Esperance,-33.8667,121.9,59.0,58,0,17.27,AU,clear sky,2021-04-25 21:25:34
208,Baykit,61.67,96.37,25.54,89,46,6.29,RU,scattered clouds,2021-04-25 21:25:34
209,Atambua,-9.1061,124.8925,68.81,83,17,5.26,ID,few clouds,2021-04-25 21:25:34
210,Tabou,4.423,-7.3528,79.41,81,100,3.42,CI,overcast clouds,2021-04-25 21:25:35
211,Mount Isa,-20.7333,139.5,69.8,60,5,6.91,AU,clear sky,2021-04-25 21:21:18
212,Adre,13.4667,22.2,82.9,31,85,4.61,TD,overcast clouds,2021-04-25 21:25:35
213,Havoysund,70.9963,24.6622,33.8,93,75,12.66,NO,snow,2021-04-25 21:22:11
214,Iracoubo,5.4802,-53.2011,78.62,87,67,11.95,GF,broken clouds,2021-04-25 21:25:36
215,Aykhal,66.0,111.5,4.95,94,100,25.19,RU,overcast clouds,2021-04-25 21:25:37
216,Faanui,-16.4833,-151.75,81.05,64,4,2.89,PF,clear sky,2021-04-25 21:25:37
217,Almaznyy,48.0448,40.045,46.4,49,0,6.71,RU,clear sky,2021-04-25 21:25:37
218,Lancaster,40.2504,-76.2499,64.0,48,75,11.5,US,broken clouds,2021-04-25 21:24:05
219,Ribeira Grande,38.5167,-28.7,62.6,67,20,3.44,PT,few clouds,2021-04-25 21:20:50
220,Turan,16.0678,108.2208,80.6,89,40,3.44,VN,mist,2021-04-25 21:25:38
221,Nombre De Dios,23.85,-104.2333,86.0,8,20,4.61,MX,few clouds,2021-04-25 21:25:38
222,Kroya,-7.6331,109.2461,77.09,83,49,1.03,ID,scattered clouds,2021-04-25 21:25:39
223,Leningradskiy,69.3833,178.4167,23.09,85,100,2.33,RU,overcast clouds,2021-04-25 21:25:39
224,Saint Anthony,45.0205,-93.218,43.0,60,90,11.5,US,overcast clouds,2021-04-25 21:25:40
225,Elbistan,38.2059,37.1983,65.7,44,100,3.06,TR,overcast clouds,2021-04-25 21:25:40
226,Punta Alta,-38.8759,-62.0736,62.35,58,3,6.78,AR,clear sky,2021-04-25 21:25:41
227,Soyo,-6.1349,12.3689,79.12,85,15,6.73,AO,few clouds,2021-04-25 21:25:41
228,Saskylakh,71.9167,114.0833,18.72,94,100,19.42,RU,light snow,2021-04-25 21:25:42
229,Makakilo City,21.3469,-158.0858,82.4,51,90,11.5,US,overcast clouds,2021-04-25 21:25:42
230,La Ronge,55.1001,-105.2842,37.4,48,100,12.66,CA,overcast clouds,2021-04-25 21:25:43
231,Mogadishu,2.0371,45.3438,83.07,75,98,12.1,SO,overcast clouds,2021-04-25 21:25:25
232,Conde,-7.2597,-34.9075,78.8,89,0,9.22,BR,clear sky,2021-04-25 21:25:43
233,San Quintin,30.4833,-115.95,64.11,63,42,18.01,MX,scattered clouds,2021-04-25 21:21:22
234,Eureka,40.8021,-124.1637,55.0,82,75,9.22,US,broken clouds,2021-04-25 21:25:44
235,Tazovskiy,67.4667,78.7,7.14,94,46,8.21,RU,scattered clouds,2021-04-25 21:25:44
236,Clinton,42.587,-82.9199,55.0,40,20,11.5,US,few clouds,2021-04-25 21:25:45
237,Henderson,36.0397,-114.9819,80.6,7,1,26.46,US,clear sky,2021-04-25 21:22:56
238,Birao,10.2849,22.7882,76.17,67,97,8.59,CF,overcast clouds,2021-04-25 21:25:45
239,Russkaya Polyana,49.417,31.9201,43.83,88,84,5.39,UA,broken clouds,2021-04-25 21:25:46
240,Namibe,-15.1961,12.1522,78.22,66,1,10.04,AO,clear sky,2021-04-25 21:21:06
241,Hasaki,35.7333,140.8333,46.4,46,20,13.8,JP,few clouds,2021-04-25 21:25:46
242,Longyearbyen,78.2186,15.6401,19.4,58,40,11.5,SJ,scattered clouds,2021-04-25 21:25:47
243,Kahului,20.8947,-156.47,82.4,61,40,24.16,US,scattered clouds,2021-04-25 21:25:47
244,Dalby,-27.1833,151.2667,48.2,93,0,4.61,AU,clear sky,2021-04-25 21:25:48
245,Marsa Matruh,31.3525,27.2453,64.4,82,40,9.22,EG,scattered clouds,2021-04-25 21:25:48
246,Dickinson,29.4608,-95.0513,79.0,57,20,11.5,US,few clouds,2021-04-25 21:25:49
247,Khatanga,71.9667,102.5,3.81,90,85,13.18,RU,overcast clouds,2021-04-25 21:25:49
248,Gayny,60.3071,54.3241,36.91,87,97,9.06,RU,overcast clouds,2021-04-25 21:25:50
249,Liuzhou,24.3126,109.3892,63.82,88,100,8.03,CN,overcast clouds,2021-04-25 21:25:50
250,Ampanihy,-24.7,44.75,69.67,80,0,2.37,MG,clear sky,2021-04-25 21:25:51
251,Port Lincoln,-34.7333,135.8667,59.29,79,7,6.85,AU,clear sky,2021-04-25 21:25:51
252,Richards Bay,-28.783,32.0377,65.8,90,11,3.78,ZA,few clouds,2021-04-25 21:25:51
253,Zimovniki,47.1483,42.4633,45.95,58,100,5.28,RU,moderate rain,2021-04-25 21:25:52
254,Mitsamiouli,-11.3847,43.2844,80.87,76,98,9.01,KM,overcast clouds,2021-04-25 21:25:52
255,Charters Towers,-20.1,146.2667,67.91,87,99,8.86,AU,overcast clouds,2021-04-25 21:25:53
256,Castrillon,43.3979,-6.7922,55.4,94,75,8.05,ES,moderate rain,2021-04-25 21:25:53
257,Awbari,26.5921,12.7805,77.25,25,0,10.65,LY,clear sky,2021-04-25 21:25:53
258,Ossora,59.2353,163.0719,32.16,91,100,3.18,RU,overcast clouds,2021-04-25 21:25:54
259,Hofn,64.2539,-15.2082,43.03,88,100,12.93,IS,overcast clouds,2021-04-25 21:25:54
260,Vanavara,60.34,102.2797,31.35,97,74,7.61,RU,snow,2021-04-25 21:25:55
261,Los Llanos De Aridane,28.6585,-17.9182,69.8,64,90,4.61,ES,overcast clouds,2021-04-25 21:25:55
262,Nemyriv,48.9708,28.8378,44.01,85,100,10.4,UA,overcast clouds,2021-04-25 21:25:55
263,Guerrero Negro,27.9769,-114.0611,67.71,55,99,15.7,MX,overcast clouds,2021-04-25 21:25:56
264,Barcelona,41.3888,2.159,63.0,67,0,14.97,ES,clear sky,2021-04-25 21:23:41
265,Mareeba,-17.0,145.4333,75.2,94,90,11.5,AU,moderate rain,2021-04-25 21:25:57
266,Jinxiang,27.4327,120.6062,61.74,89,52,6.17,CN,broken clouds,2021-04-25 21:25:57
267,Maarianhamina,60.0973,19.9348,35.6,75,75,13.8,AX,broken clouds,2021-04-25 21:25:58
268,Xining,36.6167,101.7667,39.49,76,0,2.89,CN,clear sky,2021-04-25 21:25:58
269,Mahibadhoo,3.7833,72.9667,82.71,74,8,6.67,MV,clear sky,2021-04-25 21:21:14
270,College,64.8569,-147.8028,57.2,35,1,0.94,US,clear sky,2021-04-25 21:24:33
271,Vila Velha,-20.3297,-40.2925,78.8,83,0,5.75,BR,clear sky,2021-04-25 21:23:45
272,Dikson,73.5069,80.5464,16.45,91,100,11.34,RU,overcast clouds,2021-04-25 21:25:59
273,Tayshet,55.9342,98.0044,33.28,97,100,9.86,RU,overcast clouds,2021-04-25 21:25:59
274,Navoi,40.0844,65.3792,64.4,34,82,9.22,UZ,broken clouds,2021-04-25 21:26:00
275,Deputatskiy,69.3,139.9,19.72,92,100,4.34,RU,overcast clouds,2021-04-25 21:26:00
276,Hazorasp,41.3194,61.0742,59.0,33,0,6.91,UZ,clear sky,2021-04-25 21:26:01
277,Victoria,22.2855,114.1577,73.0,84,100,20.0,HK,overcast clouds,2021-04-25 21:23:32
278,Saldanha,-33.0117,17.9442,60.8,88,92,5.75,ZA,overcast clouds,2021-04-25 21:22:27
279,Namatanai,-3.6667,152.4333,80.04,80,86,1.74,PG,moderate rain,2021-04-25 21:23:10
280,Lae,-6.7221,146.9847,71.6,88,90,6.82,PG,overcast clouds,2021-04-25 21:26:02
281,Killybegs,54.6333,-8.45,46.99,81,11,3.09,IE,few clouds,2021-04-25 21:26:02
282,Huangpi,30.8845,114.3779,57.2,94,97,6.71,CN,light rain,2021-04-25 21:26:02
283,Vidim,56.4088,103.1106,26.06,96,42,6.85,RU,scattered clouds,2021-04-25 21:23:04
284,Necochea,-38.5473,-58.7368,59.0,79,91,7.43,AR,overcast clouds,2021-04-25 21:26:03
285,Bolshaya Sosnova,57.6713,54.6029,36.64,78,97,14.12,RU,overcast clouds,2021-04-25 21:26:03
286,Laguna,38.421,-121.4238,61.0,72,90,12.66,US,overcast clouds,2021-04-25 21:26:04
287,Vao,-22.6667,167.4833,74.19,70,68,13.51,NC,broken clouds,2021-04-25 21:26:04
288,Vigrestad,58.5667,5.7,39.0,78,8,4.0,NO,clear sky,2021-04-25 21:24:37
289,Carupano,10.6678,-63.2585,81.52,69,29,16.44,VE,scattered clouds,2021-04-25 21:26:05
290,Ust-Maya,60.4167,134.5333,27.39,96,100,2.66,RU,overcast clouds,2021-04-25 21:24:43
291,Port Elizabeth,-33.918,25.5701,59.0,88,40,5.75,ZA,scattered clouds,2021-04-25 21:26:05
292,Marawi,7.9986,124.2928,75.99,91,100,1.01,PH,overcast clouds,2021-04-25 21:23:04
293,Mandalgovi,45.7625,106.2708,31.26,62,25,22.97,MN,scattered clouds,2021-04-25 21:26:06
294,Nikolskoye,59.7035,30.7861,37.99,93,90,8.95,RU,overcast clouds,2021-04-25 21:26:06
295,Atar,20.5169,-13.0499,83.64,15,0,6.17,MR,clear sky,2021-04-25 21:25:16
296,Urucara,-2.5364,-57.76,80.89,85,100,1.32,BR,light rain,2021-04-25 21:26:07
297,Saint George,37.1041,-113.5841,82.99,11,1,33.38,US,clear sky,2021-04-25 21:23:06
298,Kropotkin,45.4375,40.5756,48.0,82,100,12.59,RU,light rain,2021-04-25 21:26:07
299,Coahuayana,18.7333,-103.6833,86.0,45,75,7.83,MX,broken clouds,2021-04-25 21:26:08
300,Siayan,8.2667,123.1,75.99,89,90,0.83,PH,overcast clouds,2021-04-25 21:26:08
301,Hobyo,5.3505,48.5268,83.98,64,56,10.18,SO,broken clouds,2021-04-25 21:26:09
302,Maniitsoq,65.4167,-52.9,39.67,82,100,5.93,GL,overcast clouds,2021-04-25 21:26:09
303,Cairns,-16.9167,145.7667,75.2,94,90,11.5,AU,moderate rain,2021-04-25 21:26:10
304,Marystown,47.1666,-55.1483,44.74,65,5,10.29,CA,clear sky,2021-04-25 21:26:10
305,Youhao,47.8667,128.8333,35.65,47,100,2.55,CN,overcast clouds,2021-04-25 21:26:11
306,Bubaque,11.2833,-15.8333,78.31,69,40,21.72,GW,scattered clouds,2021-04-25 21:26:11
307,Ibra,22.6906,58.5334,78.03,38,37,1.14,OM,scattered clouds,2021-04-25 21:26:11
308,Jiangyou,31.7667,104.7167,57.22,89,100,0.69,CN,overcast clouds,2021-04-25 21:26:12
309,Olinda,-8.0089,-34.8553,80.6,69,40,10.36,BR,scattered clouds,2021-04-25 21:26:12
310,Kalabagh,32.965,71.557,81.91,19,0,5.26,PK,clear sky,2021-04-25 21:26:13
311,Tuatapere,-46.1333,167.6833,46.99,80,85,11.01,NZ,moderate rain,2021-04-25 21:23:30
312,Shingu,33.7333,135.9833,43.39,63,0,6.69,JP,clear sky,2021-04-25 21:26:13
313,Bay Roberts,47.5999,-53.2648,50.0,100,6,4.0,CA,clear sky,2021-04-25 21:26:14
314,Savinskiy,62.9342,40.1361,42.46,87,100,4.97,RU,overcast clouds,2021-04-25 21:26:14
315,Muzhi,65.3667,64.6667,33.96,96,100,9.15,RU,overcast clouds,2021-04-25 21:23:04
316,Portland,45.5234,-122.6762,57.99,51,75,4.61,US,broken clouds,2021-04-25 21:24:26
317,Manado,1.487,124.8455,73.4,94,20,1.14,ID,few clouds,2021-04-25 21:26:15
318,Chetumal,18.5,-88.3,90.0,62,40,16.11,MX,scattered clouds,2021-04-25 21:26:15
319,Castelo Branco,39.8222,-7.4909,57.99,76,98,1.01,PT,overcast clouds,2021-04-25 21:26:16
320,Volga,57.9516,38.3879,32.94,96,100,14.38,RU,light snow,2021-04-25 21:26:16
321,Kure,34.2333,132.5667,51.8,65,0,4.61,JP,clear sky,2021-04-25 21:26:17
322,Sungaipenuh,-2.0833,101.3833,63.73,96,69,2.64,ID,broken clouds,2021-04-25 21:26:17
323,The Valley,18.217,-63.0578,82.4,69,75,11.5,AI,broken clouds,2021-04-25 21:26:18
324,Phan Thiet,10.9333,108.1,78.78,85,66,3.29,VN,broken clouds,2021-04-25 21:26:18
325,Naze,28.3667,129.4833,63.97,71,26,10.38,JP,scattered clouds,2021-04-25 21:26:18
326,Kiruna,67.8557,20.2251,24.8,80,21,4.61,SE,few clouds,2021-04-25 21:26:19
327,Mackay,-21.15,149.2,69.8,78,90,10.36,AU,overcast clouds,2021-04-25 21:26:19
328,Mangan,27.5167,88.5333,63.57,58,45,8.16,IN,scattered clouds,2021-04-25 21:26:20
329,Srednekolymsk,67.45,153.6833,14.59,83,25,5.91,RU,scattered clouds,2021-04-25 21:24:33
330,Bejar,40.3864,-5.7634,51.01,93,21,1.99,ES,light rain,2021-04-25 21:26:20
331,Aragarcas,-15.8975,-52.2508,86.0,45,0,4.0,BR,clear sky,2021-04-25 21:26:21
332,San Miguel De Cauri,-10.1,-76.5833,54.93,63,66,5.84,PE,broken clouds,2021-04-25 21:26:21
333,Ust-Koksa,50.2696,85.6108,26.89,75,100,2.64,RU,overcast clouds,2021-04-25 21:26:22
334,Brunico,46.7958,11.9364,44.01,100,40,11.5,IT,scattered clouds,2021-04-25 21:26:23
335,Namanga,-2.5433,36.7905,66.07,82,95,4.7,KE,overcast clouds,2021-04-25 21:26:23
336,Milkovo,54.7167,158.6167,34.38,86,99,2.21,RU,overcast clouds,2021-04-25 21:26:24
337,Kaabong,3.4836,34.1492,63.7,88,100,1.99,UG,moderate rain,2021-04-25 21:26:24
338,Gamba,-2.65,10.0,78.3,87,72,3.89,GA,light rain,2021-04-25 21:26:25
339,Palana,59.1167,159.9667,24.53,91,100,3.49,RU,overcast clouds,2021-04-25 21:26:25
340,Fairmount,43.0473,-76.2385,55.4,50,75,16.11,US,broken clouds,2021-04-25 21:26:25
341,Tagab,34.855,69.6492,57.2,41,0,2.3,AF,clear sky,2021-04-25 21:26:26
342,Samarai,-10.6167,150.6667,82.94,77,96,12.26,PG,overcast clouds,2021-04-25 21:26:26
343,Sosnovka,56.255,51.2842,37.87,74,100,14.0,RU,overcast clouds,2021-04-25 21:26:27
344,Dali,25.7,100.1833,55.58,50,0,4.7,CN,clear sky,2021-04-25 21:26:27
345,Gornyak,50.9942,81.4661,40.68,59,84,7.47,RU,broken clouds,2021-04-25 21:26:27
346,Kuryk,43.2,51.65,58.08,66,23,5.03,KZ,few clouds,2021-04-25 21:26:28
347,Yangambi,0.8102,24.4336,69.96,98,98,2.37,CD,light rain,2021-04-25 21:26:28
348,Port Hardy,50.6996,-127.4199,51.8,87,90,5.75,CA,light rain,2021-04-25 21:26:29
349,Rio Cuarto,-33.1307,-64.3499,66.2,42,0,9.22,AR,clear sky,2021-04-25 21:26:29
350,Alice Springs,-23.7,133.8833,44.6,70,0,5.75,AU,clear sky,2021-04-25 21:26:30
351,Salalah,17.0151,54.0924,84.2,70,40,8.05,OM,scattered clouds,2021-04-25 21:23:05
352,Luang Prabang,19.8856,102.1347,73.6,90,100,0.56,LA,overcast clouds,2021-04-25 21:26:30
353,Petropavlovsk-Kamchatskiy,53.0452,158.6483,35.6,100,90,11.18,RU,overcast clouds,2021-04-25 21:26:31
354,Shu,43.5983,73.7614,55.99,72,2,1.01,KZ,clear sky,2021-04-25 21:25:56
355,Aksarka,66.5606,67.7975,33.66,98,100,10.83,RU,overcast clouds,2021-04-25 21:26:32
356,Nizhnevartovsk,60.9344,76.5531,33.8,86,0,6.71,RU,clear sky,2021-04-25 21:26:32
357,Opuwo,-18.0607,13.84,68.31,47,33,4.23,NA,scattered clouds,2021-04-25 21:26:32
358,Kearney,40.6995,-99.0815,77.0,35,1,13.8,US,clear sky,2021-04-25 21:26:33
359,Zyryanka,65.75,150.85,11.08,86,6,11.1,RU,clear sky,2021-04-25 21:26:33
360,Malegaon,20.55,74.5333,87.73,24,100,4.92,IN,overcast clouds,2021-04-25 21:26:34
361,Husavik,66.0449,-17.3389,37.4,93,90,13.8,IS,overcast clouds,2021-04-25 21:26:34
362,Prince Rupert,54.3161,-130.3201,60.8,25,1,11.5,CA,clear sky,2021-04-25 21:26:35
363,Strelka,58.0728,93.0344,36.05,98,100,7.07,RU,overcast clouds,2021-04-25 21:26:35
364,Allanridge,-27.7543,26.6438,59.34,30,19,4.92,ZA,few clouds,2021-04-25 21:26:35
365,Arroyos Y Esteros,-25.0667,-57.1,71.6,64,20,10.36,PY,few clouds,2021-04-25 21:26:36
366,Norman Wells,65.282,-126.8329,37.4,41,20,17.27,CA,few clouds,2021-04-25 21:26:36
367,Dakar,14.6937,-17.4441,68.0,94,20,6.91,SN,few clouds,2021-04-25 21:25:06
368,Poronaysk,49.2167,143.1167,30.43,69,90,3.91,RU,overcast clouds,2021-04-25 21:26:37
369,Capinota,-17.7167,-66.2333,71.6,30,20,11.5,BO,few clouds,2021-04-25 21:26:37
370,Blythe,33.6103,-114.5964,89.6,8,1,23.02,US,clear sky,2021-04-25 21:26:37
371,Rocha,-34.4833,-54.3333,61.14,79,56,11.65,UY,broken clouds,2021-04-25 21:26:38
372,Vredendal,-31.6683,18.5012,60.76,81,100,2.57,ZA,overcast clouds,2021-04-25 21:26:38
373,Komsomolskiy,40.4272,71.7189,60.8,48,0,6.91,UZ,clear sky,2021-04-25 21:26:39
374,Hualmay,-11.0964,-77.6139,70.34,77,16,8.84,PE,few clouds,2021-04-25 21:26:39
375,Lisala,2.15,21.5167,70.14,94,99,3.62,CD,overcast clouds,2021-04-25 21:26:40
376,Washougal,45.5826,-122.3534,57.99,51,75,4.61,US,broken clouds,2021-04-25 21:26:40
377,Mahebourg,-20.4081,57.7,75.2,94,40,10.36,MU,light rain,2021-04-25 21:26:40
378,Son Tay,21.1378,105.505,78.8,94,75,4.61,VN,mist,2021-04-25 21:26:41
379,Cap Malheureux,-19.9842,57.6142,77.0,83,100,5.99,MU,overcast clouds,2021-04-25 21:26:41
380,Pedasi,7.5333,-80.0333,84.76,63,45,8.7,PA,scattered clouds,2021-04-25 21:26:42
381,Bani Walid,31.7566,13.9942,61.07,71,1,11.65,LY,clear sky,2021-04-25 21:26:42
382,Nome,64.5011,-165.4064,42.8,70,1,3.44,US,clear sky,2021-04-25 21:26:42
383,Nanakuli,21.3906,-158.1547,82.4,51,90,11.5,US,overcast clouds,2021-04-25 21:26:43
384,Labuhan,-6.8844,112.2051,76.75,87,70,7.61,ID,broken clouds,2021-04-25 21:26:44
385,Alta Floresta,-9.8756,-56.0861,77.0,100,75,2.3,BR,light rain,2021-04-25 21:26:44
386,Piacabucu,-10.4056,-36.4344,78.15,82,9,6.55,BR,clear sky,2021-04-25 21:26:44
387,Bowen,-20.0167,148.2333,71.6,83,90,9.22,AU,overcast clouds,2021-04-25 21:26:45
388,Firozpur Jhirka,27.8,76.95,80.83,11,0,4.92,IN,clear sky,2021-04-25 21:26:45
389,Manavgat,36.7867,31.4431,62.6,77,75,2.3,TR,broken clouds,2021-04-25 21:26:46
390,Carinhanha,-14.3047,-43.765,83.61,48,66,4.61,BR,broken clouds,2021-04-25 21:25:08
391,Asasa,7.1,39.2,56.25,90,100,0.69,ET,light rain,2021-04-25 21:26:46
392,Mikkeli,61.6886,27.2723,35.6,100,90,4.61,FI,mist,2021-04-25 21:26:47
393,Teguldet,57.3064,88.1667,35.22,99,100,3.83,RU,overcast clouds,2021-04-25 21:26:47
394,Fort Madison,40.6298,-91.3151,62.6,36,1,12.66,US,clear sky,2021-04-25 21:26:47
395,Gorontalo,0.5412,123.0595,74.79,90,90,2.15,ID,overcast clouds,2021-04-25 21:26:48
396,Raymond,43.9015,-70.4703,53.01,68,97,1.01,US,overcast clouds,2021-04-25 21:26:48
397,Mezhdurechensk,53.6942,88.0603,28.99,98,71,2.93,RU,broken clouds,2021-04-25 21:26:49
398,Susanville,40.4163,-120.653,48.2,46,20,10.36,US,few clouds,2021-04-25 21:26:49
399,Cheremukhovo,60.3484,59.9851,39.7,86,100,6.64,RU,overcast clouds,2021-04-25 21:26:50
400,Dingle,10.9995,122.6711,75.56,86,28,3.27,PH,light rain,2021-04-25 21:26:50
401,Tingi,-11.3,35.0333,62.8,96,67,4.14,TZ,broken clouds,2021-04-25 21:26:51
402,Kathmandu,27.7167,85.3167,64.4,63,20,3.44,NP,few clouds,2021-04-25 21:24:16
403,General Pico,-35.6566,-63.7568,59.72,60,0,4.07,AR,clear sky,2021-04-25 21:26:51
404,Sarangani,5.4033,125.4636,82.69,77,37,11.63,PH,scattered clouds,2021-04-25 21:26:52
405,Touros,-5.1989,-35.4608,80.6,78,20,8.05,BR,few clouds,2021-04-25 21:26:52
406,La Vega,19.2221,-70.5296,91.4,43,20,9.22,DO,few clouds,2021-04-25 21:26:53
407,Merauke,-8.4667,140.3333,75.58,86,100,6.69,ID,overcast clouds,2021-04-25 21:26:53
408,Matara,5.9485,80.5353,77.25,88,21,2.89,LK,few clouds,2021-04-25 21:26:53
409,Marica,-22.9194,-42.8186,77.0,83,0,12.66,BR,clear sky,2021-04-25 21:26:54
410,Yantal,56.8471,105.2542,24.57,98,78,4.59,RU,broken clouds,2021-04-25 21:26:54
411,Marabba,12.35,32.1833,87.75,44,100,18.63,SD,overcast clouds,2021-04-25 21:26:55
412,Kudahuvadhoo,2.6708,72.8944,82.69,68,12,6.08,MV,few clouds,2021-04-25 21:26:55
413,Seymchan,62.8833,152.4333,7.03,92,99,3.27,RU,overcast clouds,2021-04-25 21:26:55
414,Egvekinot,66.3167,-179.1667,26.67,84,16,0.72,RU,few clouds,2021-04-25 21:26:56
415,Kedougou,12.5579,-12.1743,98.6,23,0,4.61,SN,clear sky,2021-04-25 21:26:57
416,Fort Saint James,54.4333,-124.25,51.57,25,2,4.63,CA,clear sky,2021-04-25 21:26:57
417,Celestun,20.8667,-90.4,84.04,64,44,12.62,MX,scattered clouds,2021-04-25 21:26:57
418,Tvedestrand,58.622,8.9315,42.8,33,0,8.05,NO,clear sky,2021-04-25 21:26:58
419,Huanuco,-9.9329,-76.2415,73.8,62,60,8.75,PE,broken clouds,2021-04-25 21:26:58
420,Kautokeino,69.0125,23.0412,7.56,96,13,2.93,NO,few clouds,2021-04-25 21:26:59
421,Ussel,45.55,2.3167,57.0,17,100,0.87,FR,overcast clouds,2021-04-25 21:26:59
422,Hervey Bay,-25.2986,152.8535,61.0,89,3,4.0,AU,clear sky,2021-04-25 21:27:00
423,Vershino-Darasunskiy,52.35,115.5167,39.31,27,100,6.02,RU,overcast clouds,2021-04-25 21:27:00
424,Tacuarembo,-31.7333,-55.9833,59.67,56,2,7.61,UY,clear sky,2021-04-25 21:27:01
425,Brae,60.3964,-1.353,42.8,87,20,4.61,GB,few clouds,2021-04-25 21:27:01
426,Pouembout,-21.1333,164.9,73.92,85,94,7.36,NC,overcast clouds,2021-04-25 21:27:02
427,Acari,-15.4311,-74.6158,75.52,67,33,8.75,PE,scattered clouds,2021-04-25 21:27:02
428,Siilinjarvi,63.0833,27.6667,35.6,100,90,6.91,FI,overcast clouds,2021-04-25 21:27:03
429,Carnarvon,-24.8667,113.6333,60.8,77,0,4.61,AU,clear sky,2021-04-25 21:27:03
430,Kharitonovo,61.4009,47.4978,38.39,97,100,5.61,RU,light rain,2021-04-25 21:27:03
431,Derbent,42.0678,48.2899,54.84,66,80,5.64,RU,broken clouds,2021-04-25 21:27:04
432,Manakara,-22.1333,48.0167,70.45,94,42,3.76,MG,light rain,2021-04-25 21:27:04
433,Bougouni,11.417,-7.479,90.66,27,42,3.91,ML,scattered clouds,2021-04-25 21:27:04
434,Port-Gentil,-0.7193,8.7815,82.4,78,20,4.61,GA,few clouds,2021-04-25 21:27:05
435,Pangnirtung,66.1451,-65.7125,32.0,86,90,3.44,CA,overcast clouds,2021-04-25 21:27:05
436,Hirara,24.8,125.2833,71.4,66,63,17.05,JP,broken clouds,2021-04-25 21:27:06
437,Mercedes,-34.6515,-59.4307,64.99,62,57,1.01,AR,broken clouds,2021-04-25 21:27:06
438,Puntarenas,9.9763,-84.8384,84.2,51,40,12.66,CR,scattered clouds,2021-04-25 21:27:07
439,Evensk,61.95,159.2333,23.68,92,100,4.05,RU,light snow,2021-04-25 21:27:07
440,Waitati,-45.75,170.5667,51.01,40,61,11.99,NZ,broken clouds,2021-04-25 21:27:07
441,Manta,-0.95,-80.7333,82.4,69,20,9.22,EC,few clouds,2021-04-25 21:27:08
442,Takoradi,4.8845,-1.7554,80.98,83,69,6.55,GH,broken clouds,2021-04-25 21:27:08
443,Taltal,-25.4,-70.4833,65.05,75,51,4.59,CL,broken clouds,2021-04-25 21:27:09
444,Najran,17.4924,44.1277,78.8,41,40,6.91,SA,scattered clouds,2021-04-25 21:27:09
445,Sydney,-33.8679,151.2073,55.99,82,20,8.05,AU,few clouds,2021-04-25 21:24:11
446,Wigston,52.5863,-1.1059,43.0,75,27,3.0,GB,scattered clouds,2021-04-25 21:27:10
447,Sinnamary,5.3833,-52.95,79.54,85,55,12.66,GF,broken clouds,2021-04-25 21:27:10
448,Bobrovka,54.047,61.7455,44.8,63,58,10.2,RU,broken clouds,2021-04-25 21:27:10
449,La Rioja,42.25,-2.5,57.0,88,0,3.44,ES,clear sky,2021-04-25 21:25:58
450,Mehamn,71.0357,27.8492,33.8,75,75,13.8,NO,light snow,2021-04-25 21:23:57
451,Chapais,49.7834,-74.8492,42.8,93,90,11.5,CA,mist,2021-04-25 21:27:11
452,Kenora,49.8167,-94.4337,48.2,23,75,13.8,CA,broken clouds,2021-04-25 21:27:12
453,Kingston,17.997,-76.7936,82.4,74,75,11.5,JM,broken clouds,2021-04-25 21:26:30
454,Dolzhanskaya,46.6311,37.8039,46.99,100,100,5.01,RU,overcast clouds,2021-04-25 21:27:12
455,Fushun,41.8558,123.9233,39.2,65,0,6.71,CN,clear sky,2021-04-25 21:27:13
456,Gravelbourg,49.8834,-106.5512,33.8,86,100,8.05,CA,light rain,2021-04-25 21:27:13
457,Belmonte,-15.8631,-38.8828,78.8,78,20,10.36,BR,few clouds,2021-04-25 21:27:13
458,Barcelos,41.5388,-8.6151,61.0,82,20,3.71,PT,few clouds,2021-04-25 21:26:52
459,Isla Mujeres,21.2311,-86.731,87.8,58,40,10.36,MX,scattered clouds,2021-04-25 21:27:14
460,Bandarbeyla,9.4942,50.8122,83.03,72,74,8.34,SO,broken clouds,2021-04-25 21:27:14
461,Severo-Kurilsk,50.6789,156.125,32.02,97,100,11.59,RU,snow,2021-04-25 21:27:15
462,Hambantota,6.1241,81.1185,78.8,100,20,2.3,LK,few clouds,2021-04-25 21:27:15
463,Xucheng,20.35,110.1288,78.8,94,75,6.71,CN,broken clouds,2021-04-25 21:27:16
464,Puerto Madryn,-42.7692,-65.0385,63.95,52,69,21.12,AR,broken clouds,2021-04-25 21:27:16
465,Pozo Colorado,-23.4923,-58.7972,74.32,55,99,7.09,PY,overcast clouds,2021-04-25 21:27:17
466,Oneonta,42.4529,-75.0638,55.0,61,92,14.36,US,overcast clouds,2021-04-25 21:23:51
467,Coihaique,-45.5752,-72.0662,57.2,58,40,8.05,CL,scattered clouds,2021-04-25 21:27:17
468,Katsuura,35.1333,140.3,51.01,31,71,25.59,JP,broken clouds,2021-04-25 21:27:18
469,Sola,-13.8833,167.55,82.13,74,65,5.73,VU,broken clouds,2021-04-25 21:27:18
470,Pemangkat,1.1667,108.9667,77.32,87,99,4.56,ID,overcast clouds,2021-04-25 21:27:19
471,Bozoum,6.3193,16.3799,71.2,82,70,1.05,CF,broken clouds,2021-04-25 21:27:19
472,Sovetskiy,61.3614,63.5842,44.58,55,100,13.24,RU,overcast clouds,2021-04-25 21:27:19
473,Upata,8.0086,-62.3989,87.01,60,98,11.01,VE,overcast clouds,2021-04-25 21:27:20
474,Mana,5.6592,-53.7767,78.82,86,78,10.94,GF,broken clouds,2021-04-25 21:27:20
475,Murray Bridge,-35.1167,139.2667,53.01,98,0,0.98,AU,clear sky,2021-04-25 21:27:21
476,Souillac,-20.5167,57.5167,75.2,94,40,10.36,MU,light rain,2021-04-25 21:27:21
477,Nchelenge,-9.3451,28.734,71.42,77,92,3.2,ZM,overcast clouds,2021-04-25 21:27:21
478,Thessalon,46.2501,-83.5666,39.2,48,90,5.75,CA,overcast clouds,2021-04-25 21:27:22
479,Buin,-33.7333,-70.75,75.2,20,0,6.91,CL,clear sky,2021-04-25 21:27:22
480,La Reforma,25.0833,-108.05,91.99,31,72,5.99,MX,broken clouds,2021-04-25 21:27:23
481,Nacozari,25.3366,-108.2574,89.01,31,75,5.99,MX,broken clouds,2021-04-25 21:27:23
482,San Fabian,15.601,120.9062,75.2,83,40,4.61,PH,scattered clouds,2021-04-25 21:27:24
483,Honiara,-9.4333,159.95,81.0,80,27,2.28,SB,scattered clouds,2021-04-25 21:27:24
484,Alekseyevsk,57.8406,108.3492,30.65,92,100,6.33,RU,overcast clouds,2021-04-25 21:27:24
485,Santa Fe,-31.6333,-60.7,66.99,54,0,3.0,AR,clear sky,2021-04-25 21:25:37
486,Mosetse,-20.75,26.65,67.05,24,0,8.59,BW,clear sky,2021-04-25 21:27:25
487,Launceston,-41.45,147.1667,50.0,87,83,8.05,AU,heavy intensity rain,2021-04-25 21:27:25
488,Sao Filipe,14.8961,-24.4956,72.91,70,68,10.96,CV,broken clouds,2021-04-25 21:27:26
489,Makaha,21.4694,-158.2175,82.4,57,75,12.66,US,broken clouds,2021-04-25 21:27:26
490,Ilulissat,69.2167,-51.1,51.8,40,20,17.27,GL,few clouds,2021-04-25 21:27:26
491,Yerbogachen,61.2767,108.0108,29.16,91,100,7.25,RU,overcast clouds,2021-04-25 21:27:27
492,Tabuk,17.4189,121.4443,69.13,87,21,2.46,PH,few clouds,2021-04-25 21:27:27
493,Bodden Town,19.2833,-81.25,84.99,70,20,6.91,KY,few clouds,2021-04-25 21:27:28
494,San Patricio,28.017,-97.5169,87.8,45,1,17.27,US,clear sky,2021-04-25 21:23:14
495,San Carlos De Bariloche,-41.1456,-71.3082,64.0,36,0,5.75,AR,clear sky,2021-04-25 21:27:28
496,Marrakesh,31.6315,-8.0083,66.2,52,75,11.5,MA,broken clouds,2021-04-25 21:27:29
497,Goderich,43.7501,-81.7165,37.4,70,49,18.41,CA,scattered clouds,2021-04-25 21:27:29
498,Ekibastuz,51.6667,75.3667,46.18,47,35,10.54,KZ,scattered clouds,2021-04-25 21:27:29
499,Rawson,-43.3002,-65.1023,64.8,47,73,22.08,AR,broken clouds,2021-04-25 21:27:30
500,Waingapu,-9.6567,120.2641,75.51,79,62,8.25,ID,broken clouds,2021-04-25 21:27:30
501,Yar-Sale,66.8333,70.8333,33.4,90,100,12.21,RU,overcast clouds,2021-04-25 21:27:31
502,Ola,59.5833,151.2833,17.33,66,49,7.94,RU,scattered clouds,2021-04-25 21:24:19
503,Ilhabela,-23.7781,-45.3581,72.19,81,23,3.04,BR,few clouds,2021-04-25 21:27:31
504,Abu Zabad,12.35,29.25,85.3,44,100,12.39,SD,overcast clouds,2021-04-25 21:27:32
505,Kutum,14.2,24.6667,79.45,15,14,8.14,SD,few clouds,2021-04-25 21:27:32
506,Broome,42.2506,-75.833,53.6,58,75,14.97,US,broken clouds,2021-04-25 21:23:02
507,Flinders,-34.5833,150.8552,51.01,89,11,1.01,AU,few clouds,2021-04-25 21:27:33
508,Qasigiannguit,68.8193,-51.1922,51.8,40,20,17.27,GL,few clouds,2021-04-25 21:27:33
509,Mucurapo,10.6667,-61.5333,87.01,58,20,13.8,TT,few clouds,2021-04-25 21:27:33
510,Chipinge,-20.1883,32.6236,61.56,54,0,4.23,ZW,clear sky,2021-04-25 21:27:34
511,Gorodets,56.6514,43.475,41.0,52,20,15.66,RU,light rain,2021-04-25 21:27:34
512,Sibut,5.718,19.0739,72.41,90,74,3.36,CF,broken clouds,2021-04-25 21:27:35
513,Awjilah,29.1081,21.2869,64.94,61,0,14.34,LY,clear sky,2021-04-25 21:23:31
514,Saryozek,44.3583,77.9753,51.03,46,100,7.34,KZ,overcast clouds,2021-04-25 21:27:35
515,Changtu,42.7788,124.0955,49.5,26,100,5.44,CN,overcast clouds,2021-04-25 21:27:36
516,Beaverlodge,55.2166,-119.4361,46.4,27,1,5.75,CA,clear sky,2021-04-25 21:27:36
517,Chiapilla,16.5167,-92.7333,93.2,40,1,18.41,MX,clear sky,2021-04-25 21:27:36
518,Sabha,27.0377,14.4283,74.46,21,0,9.17,LY,clear sky,2021-04-25 21:26:51
519,Muriae,-21.1306,-42.3664,73.36,85,76,3.74,BR,broken clouds,2021-04-25 21:27:37
520,Lata,40.1629,-8.3327,57.99,90,99,3.38,PT,overcast clouds,2021-04-25 21:27:37
521,Deer Lake,49.1667,-57.4316,48.2,43,1,8.05,CA,clear sky,2021-04-25 21:27:38
522,Mnogovershinnyy,53.9353,139.9242,21.96,78,4,3.18,RU,clear sky,2021-04-25 21:27:38
523,Chilca,-12.5211,-76.7372,66.99,77,75,5.75,PE,broken clouds,2021-04-25 21:27:39
524,Sao Jose Da Coroa Grande,-8.8978,-35.1478,78.57,80,9,7.38,BR,clear sky,2021-04-25 21:24:01
525,Neiafu,-18.65,-173.9833,82.4,78,20,5.75,TO,few clouds,2021-04-25 21:27:39
526,Oistins,13.0667,-59.5333,82.4,54,20,17.27,BB,few clouds,2021-04-25 21:27:16
527,Sebeta,8.9167,38.6167,57.22,89,100,4.27,ET,moderate rain,2021-04-25 21:27:40
528,Sijunjung,-0.6876,100.9537,72.41,97,82,1.3,ID,broken clouds,2021-04-25 21:27:40
529,Muroto,33.2833,134.15,51.8,35,0,13.8,JP,clear sky,2021-04-25 21:27:41
530,Isangel,-19.55,169.2667,76.64,86,100,13.15,VU,overcast clouds,2021-04-25 21:27:41
531,Dhone,15.4167,77.8833,83.7,46,37,9.26,IN,scattered clouds,2021-04-25 21:27:41
532,Myrtle Grove,30.421,-87.3075,80.6,53,1,11.5,US,clear sky,2021-04-25 21:27:42
533,Areia Branca,-4.9561,-37.1369,81.12,73,76,14.54,BR,broken clouds,2021-04-25 21:27:42
534,Panguna,-6.3164,155.4848,72.64,76,82,0.49,PG,broken clouds,2021-04-25 21:27:43
535,Teya,60.3778,92.6267,33.48,93,100,6.08,RU,overcast clouds,2021-04-25 21:27:43
536,Shaoyang,27.2315,111.4525,57.88,93,100,1.99,CN,moderate rain,2021-04-25 21:27:43
537,Okhotsk,59.3833,143.3,17.11,70,0,10.36,RU,clear sky,2021-04-25 21:27:44
538,Santa Ines,-3.6667,-45.38,77.09,91,37,2.77,BR,scattered clouds,2021-04-25 21:27:44
539,Kuytun,54.3419,101.5036,29.79,88,88,9.08,RU,overcast clouds,2021-04-25 21:27:45
540,Ambon,-3.6954,128.1814,75.2,88,40,10.36,ID,scattered clouds,2021-04-25 21:27:45
541,Otane,-39.8833,176.6333,62.01,47,70,5.01,NZ,light rain,2021-04-25 21:27:45
542,Berezanka,46.8526,31.388,46.17,67,100,7.63,UA,overcast clouds,2021-04-25 21:27:46
543,Eyemouth,55.8713,-2.0901,43.0,66,9,10.25,GB,clear sky,2021-04-25 21:27:46
544,Kargasok,59.0556,80.8572,35.02,98,100,5.59,RU,overcast clouds,2021-04-25 21:27:47
545,Iskateley,67.6803,53.1512,38.17,90,100,7.63,RU,overcast clouds,2021-04-25 21:27:47
546,Nelson Bay,-32.7167,152.15,54.0,100,40,6.91,AU,mist,2021-04-25 21:27:47
547,Westport,41.1415,-73.3579,57.99,62,75,12.66,US,broken clouds,2021-04-25 21:24:37
548,Lasa,46.6166,10.7002,55.4,61,0,3.44,IT,clear sky,2021-04-25 21:27:48
549,George,-33.963,22.4617,66.2,77,40,2.3,ZA,scattered clouds,2021-04-25 21:27:48
550,Abha,18.2164,42.5053,62.6,72,40,11.88,SA,scattered clouds,2021-04-25 21:27:49
551,Leshukonskoye,64.8989,45.7622,39.81,93,100,5.19,RU,overcast clouds,2021-04-25 21:27:49
552,Bhadrachalam,17.6667,80.8833,82.54,64,3,7.09,IN,clear sky,2021-04-25 21:27:50
553,Ballitoville,-29.539,31.2144,69.01,94,0,1.14,ZA,clear sky,2021-04-25 21:27:50
554,Chalchihuites,23.4833,-103.8833,83.39,10,100,17.85,MX,overcast clouds,2021-04-25 21:27:51
555,Tromso,69.6496,18.957,33.8,86,75,9.22,NO,light snow,2021-04-25 21:27:51
556,Bambanglipuro,-7.95,110.2833,74.93,86,64,2.95,ID,broken clouds,2021-04-25 21:27:52
557,Padang,-0.9492,100.3543,77.49,85,87,3.74,ID,overcast clouds,2021-04-25 21:27:52
558,Chupa,66.27,33.0549,33.87,85,100,10.07,RU,overcast clouds,2021-04-25 21:27:53
559,Tual,-5.6667,132.75,83.43,63,100,7.05,ID,overcast clouds,2021-04-25 21:27:53
560,Nhulunbuy,-12.2333,136.7667,77.0,94,75,8.03,AU,moderate rain,2021-04-25 21:27:54
561,Chimbote,-9.0853,-78.5783,69.71,78,21,9.19,PE,few clouds,2021-04-25 21:27:54
562,Kalmunai,7.4167,81.8167,78.28,78,49,5.21,LK,scattered clouds,2021-04-25 21:27:55
563,Coldingham,55.8868,-2.157,43.0,66,9,9.64,GB,clear sky,2021-04-25 21:27:55
564,Kushiro,42.975,144.3747,31.5,64,82,11.03,JP,broken clouds,2021-04-25 21:27:56
565,Khash,28.2211,61.2158,71.28,28,43,7.05,IR,scattered clouds,2021-04-25 21:27:56
566,Buala,-8.145,159.5921,81.59,80,22,2.04,SB,few clouds,2021-04-25 21:25:09
567,Lexington,37.9887,-84.4777,60.01,58,20,4.61,US,few clouds,2021-04-25 21:27:33
568,Butterworth,5.3991,100.3638,80.01,89,20,4.56,MY,few clouds,2021-04-25 21:27:57
569,Zhigansk,66.7697,123.3711,32.34,99,100,8.46,RU,light snow,2021-04-25 21:27:58
570,Kedzierzyn-Kozle,50.3498,18.2261,37.0,61,10,5.61,PL,clear sky,2021-04-25 21:27:58
571,Martapura,-3.4167,114.85,78.8,94,90,3.44,ID,overcast clouds,2021-04-25 21:27:58
572,Severo-Yeniseyskiy,60.3725,93.0408,30.18,94,100,6.76,RU,overcast clouds,2021-04-25 21:27:59
573,Bratsk,56.1325,101.6142,30.2,74,20,4.47,RU,few clouds,2021-04-25 21:27:59
574,Hendersonville,36.3048,-86.62,71.6,35,40,9.22,US,scattered clouds,2021-04-25 21:27:55
575,Palimbang,6.2106,124.1894,78.84,77,42,3.02,PH,scattered clouds,2021-04-25 21:28:00
576,Buraydah,26.326,43.975,82.4,36,75,12.66,SA,broken clouds,2021-04-25 21:28:00
577,Bardiyah,31.7561,25.0865,61.48,86,7,16.98,LY,clear sky,2021-04-25 21:28:01
578,Novaya Igirma,57.1334,103.9112,28.96,95,85,7.38,RU,light snow,2021-04-25 21:28:01
579,Reyes,-14.3167,-67.3833,71.6,88,90,3.89,BO,overcast clouds,2021-04-25 21:28:02
580,Burnie,-41.0667,145.9167,53.01,79,74,8.99,AU,broken clouds,2021-04-25 21:28:02
581,Kenai,60.5544,-151.2583,53.6,37,1,6.91,US,clear sky,2021-04-25 21:24:23
582,Wejherowo,54.6057,18.2356,32.0,80,0,8.05,PL,clear sky,2021-04-25 21:28:03
583,Carutapera,-1.195,-46.02,78.24,89,37,5.46,BR,scattered clouds,2021-04-25 21:28:03
584,Adrar,20.5022,-10.0711,87.49,16,35,9.42,MR,scattered clouds,2021-04-25 21:28:04
585,Roros,62.5747,11.3842,26.6,80,75,4.61,NO,light snow,2021-04-25 21:23:35
586,Tignere,7.3667,12.65,72.16,64,38,2.26,CM,scattered clouds,2021-04-25 21:28:04
587,Luancheng,37.8792,114.6517,55.4,71,100,2.24,CN,moderate rain,2021-04-25 21:28:05
588,Mereni,44.05,28.3667,43.0,100,75,9.22,RO,fog,2021-04-25 21:28:05
589,Durango,24.8333,-104.8333,87.42,4,68,20.09,MX,broken clouds,2021-04-25 21:26:32
590,Cidreira,-30.1811,-50.2056,68.4,72,78,13.0,BR,broken clouds,2021-04-25 21:28:06
591,Saint-Joseph,-21.3667,55.6167,78.8,69,0,18.41,RE,light rain,2021-04-25 21:23:41
592,Bata,1.8639,9.7658,84.2,84,40,3.44,GQ,scattered clouds,2021-04-25 21:28:06
593,Kumluca,36.3703,30.2869,66.2,59,25,2.8,TR,scattered clouds,2021-04-25 21:28:06
594,The Pas,53.8251,-101.2541,48.2,31,75,10.36,CA,broken clouds,2021-04-25 21:28:07
595,Ahipara,-35.1667,173.1667,61.25,79,72,8.23,NZ,broken clouds,2021-04-25 21:28:07
596,Madang,-5.2246,145.7966,74.39,91,100,6.17,PG,overcast clouds,2021-04-25 21:28:08
597,Lumeje,-11.55,20.7833,67.57,72,47,3.44,AO,scattered clouds,2021-04-25 21:28:08
598,Bosaso,11.2842,49.1816,85.42,64,76,3.29,SO,broken clouds,2021-04-25 21:28:09
599,Tuy Hoa,13.0833,109.3,77.38,88,23,1.81,VN,few clouds,2021-04-25 21:28:09
600,Neepawa,50.2289,-99.4664,39.2,87,90,9.98,CA,moderate rain,2021-04-25 21:28:09
601,Berlevag,70.8578,29.0864,32.0,69,75,10.36,NO,broken clouds,2021-04-25 21:23:40
602,Port Blair,11.6667,92.75,81.25,75,99,3.87,IN,overcast clouds,2021-04-25 21:28:10
603,Mananara,-16.1667,49.7667,72.09,94,89,4.5,MG,overcast clouds,2021-04-25 21:28:11
604,Batticaloa,7.7102,81.6924,78.71,76,38,5.93,LK,scattered clouds,2021-04-25 21:28:11
605,Ihosy,-22.4,46.1167,65.07,91,79,7.23,MG,broken clouds,2021-04-25 21:24:08
606,Dongkan,33.9997,119.8308,51.49,83,37,5.35,CN,scattered clouds,2021-04-25 21:28:12
607,Eirunepe,-6.6603,-69.8736,79.14,92,100,2.75,BR,moderate rain,2021-04-25 21:28:12
608,Reconquista,-29.15,-59.65,63.01,64,0,6.98,AR,clear sky,2021-04-25 21:28:12
609,Shubarkuduk,49.1447,56.4872,49.77,80,100,3.27,KZ,overcast clouds,2021-04-25 21:28:13
610,Karratha,-20.7377,116.8463,75.47,59,0,7.83,AU,clear sky,2021-04-25 21:27:46
611,Ribeira Brava,32.65,-17.0667,60.01,89,47,17.02,PT,scattered clouds,2021-04-25 21:28:13
612,Mikhaylovka,50.06,43.2379,42.37,53,87,5.32,RU,overcast clouds,2021-04-25 21:28:14
613,Mokshan,53.4365,44.6132,41.0,38,10,14.88,RU,clear sky,2021-04-25 21:28:14
614,Nogliki,51.8333,143.1667,26.37,66,7,2.95,RU,clear sky,2021-04-25 21:28:15
615,Tchamba,9.0333,1.4167,82.4,83,0,2.77,TG,light rain,2021-04-25 21:28:15
616,Beloha,-25.1667,45.05,73.13,74,0,7.65,MG,clear sky,2021-04-25 21:28:15
617,Benalla,-36.55,145.9833,33.8,100,90,3.44,AU,overcast clouds,2021-04-25 21:28:16
618,Biak,-0.9131,122.8766,75.13,81,84,5.12,ID,broken clouds,2021-04-25 21:28:16
619,Ankpa,7.3706,7.6253,73.81,86,43,9.37,NG,light rain,2021-04-25 21:28:17
620,Ust-Kan,50.9276,84.761,29.03,74,100,3.27,RU,overcast clouds,2021-04-25 21:28:17
621,Rantepao,-2.9701,119.8978,65.12,97,82,2.39,ID,broken clouds,2021-04-25 21:28:17
622,Soe,-9.8607,124.284,60.21,84,97,3.04,ID,overcast clouds,2021-04-25 21:28:18
623,Cortez,37.3489,-108.5859,75.2,10,1,12.66,US,clear sky,2021-04-25 21:28:18
624,Rocklin,38.7907,-121.2358,60.01,76,90,13.8,US,light rain,2021-04-25 21:26:31
625,Kilindoni,-7.9139,39.6668,80.24,79,100,11.39,TZ,light rain,2021-04-25 21:28:19
626,Nemuro,43.3236,145.575,32.5,65,15,17.45,JP,few clouds,2021-04-25 21:28:19
627,Rey Bouba,8.6724,14.1786,87.87,35,52,1.52,CM,broken clouds,2021-04-25 21:28:20
628,Basco,20.4487,121.9702,75.92,73,89,19.98,PH,overcast clouds,2021-04-25 21:28:20
629,Kloulklubed,7.0419,134.2556,78.8,89,90,9.22,PW,overcast clouds,2021-04-25 21:28:21
630,Gambela,8.25,34.5833,73.87,86,87,0.76,ET,light rain,2021-04-25 21:28:21
631,Morondava,-20.2833,44.2833,75.42,85,100,8.34,MG,overcast clouds,2021-04-25 21:24:12
632,Poum,-20.2333,164.0167,77.11,77,89,19.15,NC,overcast clouds,2021-04-25 21:28:22
633,San Cristobal,7.7669,-72.225,87.8,62,40,12.66,VE,scattered clouds,2021-04-25 21:28:22
634,Nantucket,41.2835,-70.0995,46.4,100,90,24.16,US,mist,2021-04-25 21:24:08
635,Novopokrovka,49.8425,36.5477,41.0,60,0,4.47,UA,clear sky,2021-04-25 21:28:23
636,Quzhou,28.9594,118.8686,61.84,94,98,4.72,CN,overcast clouds,2021-04-25 21:28:24
637,Luderitz,-26.6481,15.1594,61.93,90,93,3.18,NA,overcast clouds,2021-04-25 21:28:24
638,Port Hedland,-20.3167,118.5667,62.6,88,0,8.05,AU,clear sky,2021-04-25 21:28:25
639,Rorvik,64.8621,11.2373,37.4,65,75,5.75,NO,broken clouds,2021-04-25 21:28:25
640,Aasiaat,68.7098,-52.8699,36.59,73,80,2.77,GL,broken clouds,2021-04-25 21:28:25
641,Huntsville,34.7304,-86.5861,72.0,49,1,6.91,US,clear sky,2021-04-25 21:23:33
642,Neijiang,29.5835,105.0622,57.9,92,100,2.06,CN,light rain,2021-04-25 21:25:05
643,Bathsheba,13.2167,-59.5167,82.4,54,20,17.27,BB,few clouds,2021-04-25 21:28:26
644,Tautira,-17.7333,-149.15,86.0,66,40,8.05,PF,scattered clouds,2021-04-25 21:28:26
645,Kayerkan,69.3497,87.7602,-1.26,99,100,3.31,RU,overcast clouds,2021-04-25 21:28:27
646,Belgrade,44.804,20.4651,57.2,41,0,4.61,RS,clear sky,2021-04-25 21:28:27
647,Samfya,-11.3649,29.5565,68.43,75,87,6.58,ZM,overcast clouds,2021-04-25 21:28:28
648,Dryden,49.7833,-92.7503,48.2,23,40,14.97,CA,scattered clouds,2021-04-25 21:28:28
649,Bo Rai,12.5728,102.5371,82.0,99,92,1.48,TH,overcast clouds,2021-04-25 21:28:28
650,Rudnyy,52.9594,63.1206,41.0,70,0,8.95,KZ,clear sky,2021-04-25 21:28:29
651,Bardejov,49.2918,21.2727,32.0,78,11,7.0,SK,few clouds,2021-04-25 21:28:29
652,Biskamzha,53.4497,89.5272,28.62,97,90,0.92,RU,overcast clouds,2021-04-25 21:28:30
653,Pangody,65.85,74.4859,31.86,91,100,11.43,RU,overcast clouds,2021-04-25 21:28:30
654,Goya,-29.14,-59.2626,63.16,63,0,4.61,AR,clear sky,2021-04-25 21:28:30
655,Puri,19.8,85.85,82.4,89,20,11.5,IN,haze,2021-04-25 21:28:31
656,Talara,-4.5772,-81.2719,82.4,57,0,13.8,PE,clear sky,2021-04-25 21:28:31
657,Cururupu,-1.8283,-44.8683,76.66,92,99,3.36,BR,overcast clouds,2021-04-25 21:28:32
658,Lenger,42.183,69.8839,57.2,62,0,2.24,KZ,clear sky,2021-04-25 21:28:32
659,Leeton,-34.5667,146.4,37.4,93,3,3.47,AU,clear sky,2021-04-25 21:28:32
660,Phatthalung,7.5,100.0833,77.67,83,82,3.65,TH,broken clouds,2021-04-25 21:28:33
661,Haapiti,-17.5667,-149.8667,86.0,66,40,8.05,PF,light rain,2021-04-25 21:28:33
662,Muborak,39.2553,65.1528,71.8,24,100,17.2,UZ,overcast clouds,2021-04-25 21:28:33
663,Comodoro Rivadavia,-45.8667,-67.5,66.2,48,0,8.05,AR,clear sky,2021-04-25 21:25:15
664,Paita,-5.0892,-81.1144,82.4,57,0,13.8,PE,clear sky,2021-04-25 21:28:34
665,Villa Carlos Paz,-31.4241,-64.4978,71.01,42,20,5.75,AR,few clouds,2021-04-25 21:28:34
666,Sandviken,60.6167,16.7667,33.01,94,57,4.0,SE,broken clouds,2021-04-25 21:28:35
667,Glenwood Springs,39.5505,-107.3248,72.0,33,56,25.32,US,broken clouds,2021-04-25 21:24:44
668,Tommot,58.9564,126.2925,35.02,98,100,5.99,RU,light snow,2021-04-25 21:28:35
669,Susehri,40.1644,38.0867,57.2,78,97,1.07,TR,overcast clouds,2021-04-25 21:28:36
670,Zlitan,32.4674,14.5687,62.42,74,0,11.7,LY,clear sky,2021-04-25 21:28:37
671,Half Moon Bay,37.4636,-122.4286,55.99,93,90,11.5,US,overcast clouds,2021-04-25 21:28:37
672,Great Yarmouth,52.6083,1.7305,43.0,65,90,12.66,GB,overcast clouds,2021-04-25 21:28:37
673,Vila Do Maio,15.1333,-23.2167,71.6,73,75,17.27,CV,broken clouds,2021-04-25 21:28:38
674,Katastarion,37.8333,20.7667,57.99,82,20,5.75,GR,few clouds,2021-04-25 21:28:38
675,Cedar City,37.6775,-113.0619,66.2,12,1,42.57,US,clear sky,2021-04-25 21:28:38
676,Novikovo,51.1537,37.8879,39.45,78,60,4.79,RU,light rain,2021-04-25 21:28:39
677,Henties Bay,-22.116,14.2845,62.01,90,23,5.99,NA,few clouds,2021-04-25 21:28:39
678,Caconda,-13.7333,15.0667,63.18,55,72,3.11,AO,broken clouds,2021-04-25 21:28:40
679,Meulaboh,4.1363,96.1285,76.53,86,77,4.38,ID,broken clouds,2021-04-25 21:28:40
680,Shahreza,32.0339,51.8794,64.67,41,100,3.74,IR,overcast clouds,2021-04-25 21:28:40
681,Auki,-8.7676,160.7034,80.83,85,63,1.99,SB,broken clouds,2021-04-25 21:28:41
682,Birobidzhan,48.8,132.95,37.69,36,91,5.44,RU,overcast clouds,2021-04-25 21:28:24
683,Narrabri,-30.3167,149.7833,50.0,71,0,2.3,AU,clear sky,2021-04-25 21:28:42
684,Vung Tau,10.346,107.0843,82.47,78,100,8.86,VN,overcast clouds,2021-04-25 21:28:42
685,Morant Bay,17.8815,-76.4093,82.4,74,75,11.5,JM,broken clouds,2021-04-25 21:28:42
686,Buritis,-15.6178,-46.4233,81.46,49,98,2.46,BR,overcast clouds,2021-04-25 21:28:43
687,Kishi,9.0833,3.85,76.86,82,100,10.04,NG,overcast clouds,2021-04-25 21:28:43
688,Tres De Maio,-27.7733,-54.24,70.0,70,99,10.36,BR,overcast clouds,2021-04-25 21:28:44
689,Buribay,51.9617,58.1592,42.73,83,82,8.77,RU,broken clouds,2021-04-25 21:28:44
690,El Astillero,43.4009,-3.8205,68.0,52,40,5.75,ES,scattered clouds,2021-04-25 21:28:45
691,Kununurra,-15.7667,128.7333,60.8,88,98,7.14,AU,overcast clouds,2021-04-25 21:28:45
692,Taki,22.5861,88.9214,84.2,79,20,8.05,IN,haze,2021-04-25 21:28:45
693,Dudinka,69.4058,86.1778,-3.6,100,100,2.82,RU,overcast clouds,2021-04-25 21:28:46
694,Qunduz,36.729,68.857,67.01,33,15,3.24,AF,few clouds,2021-04-25 21:28:46
695,Gunjur,13.2019,-16.7339,69.8,83,0,14.97,GM,clear sky,2021-04-25 21:28:47
696,Sao Sebastiao,-23.76,-45.4097,71.55,84,21,2.68,BR,few clouds,2021-04-25 21:28:47
697,Kontagora,10.3999,5.4695,76.71,74,95,11.43,NG,light rain,2021-04-25 21:28:48
698,Savinka,50.0785,47.0994,42.82,52,95,5.37,RU,overcast clouds,2021-04-25 21:28:48
699,Doha,25.2867,51.5333,82.99,78,59,4.61,QA,haze,2021-04-25 21:28:49
700,Yaan,7.3833,8.5667,81.93,67,93,5.55,NG,overcast clouds,2021-04-25 21:28:49
701,Puerto Madero,14.7208,-92.4215,89.6,58,20,10.36,MX,few clouds,2021-04-25 21:28:49
702,Ulkan,57.243,107.3223,25.03,97,56,4.09,RU,broken clouds,2021-04-25 21:28:50
703,Bayanday,53.0661,105.5139,30.78,77,100,13.09,RU,overcast clouds,2021-04-25 21:28:50
704,Preobrazheniye,42.9019,133.9064,36.19,53,0,2.86,RU,clear sky,2021-04-25 21:28:51
705,Hay River,60.8156,-115.7999,24.8,54,100,6.91,CA,light snow,2021-04-25 21:28:51
706,Konosha,60.9736,40.257,40.5,93,100,4.65,RU,overcast clouds,2021-04-25 21:28:51
707,Santiago Del Estero,-27.7951,-64.2615,72.37,44,0,6.62,AR,clear sky,2021-04-25 21:28:52
708,Sisimiut,66.9395,-53.6735,40.01,76,98,4.43,GL,overcast clouds,2021-04-25 21:28:52
709,Batemans Bay,-35.7167,150.1833,48.99,93,8,1.01,AU,clear sky,2021-04-25 21:28:52
710,Honningsvag,70.9821,25.9704,32.0,93,75,12.66,NO,snow,2021-04-25 21:28:53
711,Berkak,62.825,10.0118,37.0,72,100,1.01,NO,light snow,2021-04-25 21:28:53
712,Kota Kinabalu,5.9749,116.0724,78.8,89,20,3.44,MY,few clouds,2021-04-25 21:28:54
713,Bang Saphan,11.2126,99.5117,75.25,86,89,4.56,TH,overcast clouds,2021-04-25 21:28:54
714,Noumea,-22.2763,166.4572,77.0,94,90,3.44,NC,overcast clouds,2021-04-25 21:27:16
715,Meoqui,28.2833,-105.4833,87.8,5,75,8.05,MX,broken clouds,2021-04-25 21:28:55
